<?xml version="1.0" encoding="UTF-8"?>
<catalog xmlns:xsi="http://www.w3.org/2001/XMLSchema-instance"
 xsi:schemaLocation="http://www.unidata.ucar.edu/namespaces/thredds/InvCatalog/v1.0 http://www.unidata.ucar.edu/schemas/thredds/InvCatalog.1.0.2.xsd"
 xmlns="http://www.unidata.ucar.edu/namespaces/thredds/InvCatalog/v1.0"
 xmlns:xlink="http://www.w3.org/1999/xlink"
 name="Digital Terrain Models">
  <service name="allServices" serviceType="Compound" base="">
    <service name="ncdods" serviceType="OPENDAP" base="/thredds/dodsC/"/>
    <service name="wcs" serviceType="WCS" base="/thredds/wcs/"/>
    <service name="ncss" serviceType="NetcdfSubset" base="/thredds/ncss/grid/"/>
    <service name="wms" serviceType="WMS" base="/thredds/wms/"/>
    <service name="fileServer" serviceType="HTTPServer" base="/thredds/fileServer/"/>
  </service>
  <dataset name="Bathymetry">
    <metadata inherited="true">
      <serviceName>allServices</serviceName>
      <authority>gov.usgs.er.whsc</authority>
      <dataType>Grid</dataType>
      <dataFormat>NetCDF</dataFormat>
    </metadata>
    <dataset name="USGS Vineyard Sound Relief Model (1 arc sec)" ID="bathy/vs_1sec_20070725.nc"
      urlPath="bathy/vs_1sec_20070725.nc">
      <metadata>
        <creator>
          <name vocabulary="DIF">WHSC/USGS</name>
          <contact url="http://www.usgs.gov/" email="rsignell@usgs.gov"/>
        </creator>
        <publisher>
          <name vocabulary="DIF">WHSC/USGS</name>
          <contact url="http://www.usgs.gov/" email="rsignell@usgs.gov"/>
        </publisher>
        <geospatialCoverage zpositive="up">
          <northsouth>
            <start>41.0</start>
            <size>1.4</size>
            <units>degrees_north</units>
          </northsouth>
          <eastwest>
            <start>-71.2</start>
            <size>0.5</size>
            <units>degrees_east</units>
          </eastwest>
          <updown>
            <start>-277.25</start>
            <size>459.6</size>
            <units>meters</units>
          </updown>
        </geospatialCoverage>
        <documentation xlink:href="http://coast-enviro.er.usgs.gov/models/grids/CGSherwo.doc"
          xlink:title="USGS Vineyard Sound Coastal Relief Model (1 arc second)"/>
      </metadata>
      <netcdf xmlns="http://www.unidata.ucar.edu/namespaces/netcdf/ncml-2.2"
        location="/usgs/data0/bathy/vs_1sec_20070725.nc"/>
    </dataset>
    <dataset name="Adriatic Sea Relief Model (15 arc sec)" ID="bathy/adria15"
      urlPath="bathy/adria15">
      <metadata>
        <creator>
          <name vocabulary="DIF">WHSC/USGS</name>
          <contact url="http://www.usgs.gov/" email="rsignell@usgs.gov"/>
        </creator>
        <publisher>
          <name vocabulary="DIF">WHSC/USGS</name>
          <contact url="http://www.usgs.gov/" email="rsignell@usgs.gov"/>
        </publisher>
        <geospatialCoverage zpositive="up">
          <northsouth>
            <start>39.0</start>
            <size>7.0</size>
            <units>degrees_north</units>
          </northsouth>
          <eastwest>
            <start>12.0</start>
            <size>8.0</size>
            <units>degrees_east</units>
          </eastwest>
          <updown>
            <start>-5000</start>
            <size>10000</size>
            <units>meters</units>
          </updown>
        </geospatialCoverage>
        <documentation xlink:href="http://pubs.usgs.gov/of/1998/of98-801"
          xlink:title="Adriatic Sea Relief Model (15 arc seconds) "/>
      </metadata>
      <netcdf xmlns="http://www.unidata.ucar.edu/namespaces/netcdf/ncml-2.2"
        location="/usgs/data0/bathy/adria15_v09.nc"/>
    </dataset>
    <dataset name="USGS Gulf of Maine Relief Model (15 arc sec)" ID="bathy/gom15"
      urlPath="bathy/gom15">
      <metadata>
        <creator>
          <name vocabulary="DIF">WHSC/USGS</name>
          <contact url="http://www.usgs.gov/" email="rsignell@usgs.gov"/>
        </creator>
        <publisher>
          <name vocabulary="DIF">WHSC/USGS</name>
          <contact url="http://www.usgs.gov/" email="rsignell@usgs.gov"/>
        </publisher>
        <geospatialCoverage zpositive="up">
          <northsouth>
            <start>39.5</start>
            <size>6.5</size>
            <units>degrees_north</units>
          </northsouth>
          <eastwest>
            <start>-71.5</start>
            <size>8.5</size>
            <units>degrees_east</units>
          </eastwest>
          <updown>
            <start>-5000</start>
            <size>10000</size>
            <units>meters</units>
          </updown>
        </geospatialCoverage>
        <documentation xlink:href="http://pubs.usgs.gov/of/1998/of98-801"
          xlink:title="USGS Gulf of Maine Bathymetry (15 arc seconds) "/>
      </metadata>
      <netcdf xmlns="http://www.unidata.ucar.edu/namespaces/netcdf/ncml-2.2"
        location="/usgs/data0/bathy/gom15.nc"/>
    </dataset>
    <dataset name="USGS Gulf of Maine Bathy (3 arc sec), alpha01 " ID="bathy/gom03_v01"
      urlPath="bathy/gom03_v01">
      <metadata>
        <creator>
          <name vocabulary="DIF">WHSC/USGS</name>
          <contact url="http://www.usgs.gov/" email="rsignell@usgs.gov"/>
        </creator>
        <publisher>
          <name vocabulary="DIF">WHSC/USGS</name>
          <contact url="http://www.usgs.gov/" email="rsignell@usgs.gov"/>
        </publisher>
        <geospatialCoverage zpositive="up">
          <northsouth>
            <start>39.5</start>
            <size>6.5</size>
            <units>degrees_north</units>
          </northsouth>
          <eastwest>
            <start>-71.5</start>
            <size>8.5</size>
            <units>degrees_east</units>
          </eastwest>
          <updown>
            <start>-5000</start>
            <size>10000</size>
            <units>meters</units>
          </updown>
        </geospatialCoverage>
        <documentation type="summary"> (alpha v.01) Gulf of Maine bathymetry grid at 3 s resolution.
          This release is under revision and has not been approved for publication. Please report
          problems to Rich Signell (rsignell@usgs.gov) . This grid was created using all NOAA
          digital soundings from the NGDC GEODAS data base (downloaded in May 2008), the NWATL Tiled
          Database v0.9 from the Canadian Hydrographic Service, swath bathymetry in Massachusetts
          Bay collected by the USGS in cooperation with the Massachusetts Coastal Zone Management,
          and the Smith and Sandwell v9.1 worldwide digital elevation and bathymetry model used for
          offshore waters deeper than 400 m. Data was converted to a horizontal datum of NAD83 and
          approximate vertical datum of MSL by using the MLW and MLLW water values from the NOAA
          VDATUM project. Data gaps producing seams were filled with a 5 km bathymetric grid from
          David Greenberg, Bedford Institute of Oceanography. More complete documentation is under
          development.</documentation>
      </metadata>
      <netcdf xmlns="http://www.unidata.ucar.edu/namespaces/netcdf/ncml-2.2"
        location="/usgs/data0/bathy/GOM_091808_3sec.grd">
        <variable name="topo">
          <attribute name="units" value="meters"/>
          <attribute name="long_name" value="Topography"/>
        </variable>
        <variable name="lon">
          <attribute name="units" value="degrees_east"/>
          <attribute name="long_name" value="Longitude"/>
        </variable>
        <variable name="lat">
          <attribute name="units" value="degrees_north"/>
          <attribute name="long_name" value="Latitude"/>
        </variable>
      </netcdf>
    </dataset>
    <dataset name="USGS Gulf of Maine Bathy (3 arc sec), alpha03" ID="bathy/gom03_v03"
      urlPath="bathy/gom03_v03">
      <metadata>
        <creator>
          <name vocabulary="DIF">WHSC/USGS</name>
          <contact url="http://www.usgs.gov/" email="rsignell@usgs.gov"/>
        </creator>
        <publisher>
          <name vocabulary="DIF">WHSC/USGS</name>
          <contact url="http://www.usgs.gov/" email="rsignell@usgs.gov"/>
        </publisher>
        <geospatialCoverage zpositive="up">
          <northsouth>
            <start>39.5</start>
            <size>6.5</size>
            <units>degrees_north</units>
          </northsouth>
          <eastwest>
            <start>-71.5</start>
            <size>8.5</size>
            <units>degrees_east</units>
          </eastwest>
          <updown>
            <start>-5000</start>
            <size>10000</size>
            <units>meters</units>
          </updown>
        </geospatialCoverage>
        <documentation type="summary"> (alpha v.03) Gulf of Maine bathymetry grid at 3 s resolution.
          This release is under revision and has not been approved for publication. Please report
          problems to Rich Signell (rsignell@usgs.gov) . This grid was created using all NOAA
          digital soundings from the NGDC GEODAS data base (downloaded in May 2008), the NWATL Tiled
          Database v0.9 from the Canadian Hydrographic Service, swath bathymetry in Massachusetts
          Bay collected by the USGS in cooperation with the Massachusetts Coastal Zone Management,
          and the Smith and Sandwell v9.1 worldwide digital elevation and bathymetry model used for
          offshore waters deeper than 400 m. Data was converted to a horizontal datum of NAD83 and
          approximate vertical datum of MSL by using the MLW and MLLW water values from the NOAA
          VDATUM project. Data gaps producing seams were filled with the Smith and Sandwell v9.1
          data. More complete documentation is under development.</documentation>
      </metadata>
      <netcdf xmlns="http://www.unidata.ucar.edu/namespaces/netcdf/ncml-2.2"
        location="/usgs/data0/bathy/GOM_060209_3sec.grd">
        <dimension name="lon" orgName="x"/>
        <dimension name="lat" orgName="y"/>
        <variable name="topo" orgName="z">
          <attribute name="units" value="meters"/>
          <attribute name="long_name" value="Topography"/>
        </variable>
        <variable name="lon" orgName="x">
          <attribute name="units" value="degrees_east"/>
          <attribute name="long_name" value="Longitude"/>
        </variable>
        <variable name="lat" orgName="y">
          <attribute name="units" value="degrees_north"/>
          <attribute name="long_name" value="Latitude"/>
        </variable>
      </netcdf>
    </dataset>
    <!--<dataset name="USGS Carolina Capes Relief Model (3 arc sec)" ID="bathy/carolina_capes.nc"
       urlPath="bathy/carolina_capes.nc">
      <netcdf xmlns="http://www.unidata.ucar.edu/namespaces/netcdf/ncml-2.2"
        location="/usgs/data0/bathy/carolina_capes.nc"/>
      <metadata>
     
        <creator>
          <name vocabulary="DIF">WHSC/USGS</name>
          <contact url="http://www.usgs.gov/" email="rsignell@usgs.gov"/>
        </creator>
        <publisher>
          <name vocabulary="DIF">WHSC/USGS</name>
          <contact url="http://www.usgs.gov/" email="rsignell@usgs.gov"/>
        </publisher>
        <geospatialCoverage zpositive="up">
          <northsouth>
            <start>32.0</start>
            <size>4.0</size>
            <units>degrees_north</units>
          </northsouth>
          <eastwest>
            <start>-80.0</start>
            <size>6.0</size>
            <units>degrees_east</units>
          </eastwest>
          <updown>
            <start>-5000</start>
            <size>5040</size>
            <units>meters</units>
          </updown>
        </geospatialCoverage>
        <documentation xlink:href="http://pubs.usgs.gov/of/1998/of98-801"
          xlink:title="USGS Carolina Capes (3 arc seconds) "/>
      </metadata>
      </dataset>-->
    <dataset name="ETOPO1   (1 arc minute - Worldwide)" ID="bathy/etopo1_bed_g2"
      urlPath="bathy/etopo1_bed_g2">
      <metadata>
        <creator>
          <name vocabulary="DIF">National Geophysical Data Center (NGDC)</name>
          <contact url="http://www.ngdc.noaa.gov/mgg/global/global.html"
            email="barry.eakins@noaa.gov"/>
        </creator>
        <publisher>
          <name vocabulary="DIF">WHSC/USGS</name>
          <contact url="http://www.usgs.gov/" email="rsignell@usgs.gov"/>
        </publisher>
        <geospatialCoverage zpositive="up">
          <northsouth>
            <start>-90</start>
            <size>180</size>
            <units>degrees_north</units>
          </northsouth>
          <eastwest>
            <start>-180</start>
            <size>360</size>
            <units>degrees_east</units>
          </eastwest>
          <updown>
            <start>-10923</start>
            <size>19773</size>
            <units>meters</units>
          </updown>
        </geospatialCoverage>
        <documentation xlink:href="http://www.ngdc.noaa.gov/mgg/global/global.html"
          xlink:title="ETOPO1  1 arc minute Global Topography from NGDC (v1)"/>
        <documentation type="Summary">ETOPO1 is a 1 arc-minute global relief model of Earth's
          surface that integrates land topography and ocean bathymetry. It was built from numerous
          global and regional data sets. ETOPO1 Bedrock: Grid of Earth's surface that depicts the
          bedrock underneath the ice sheets. </documentation>
        <documentation type="Citation"> Amante, C. and B. W. Eakins, ETOPO1 1 Arc-Minute Global
          Relief Model: Procedures, Data Sources and Analysis, National Geophysical Data Center,
          NESDIS, NOAA, U.S. Department of Commerce, Boulder, CO, August 2008.</documentation>
      </metadata>
      <netcdf xmlns="http://www.unidata.ucar.edu/namespaces/netcdf/ncml-2.2"
        location="/usgs/data0/bathy/ETOPO1_Bed_g2.grd">
        <variable name="topo" orgName="z">
          <attribute name="units" value="meters"/>
          <attribute name="long_name" value="Topography"/>
        </variable>
      </netcdf>
    </dataset>
    <dataset name="ETOPO2  Version  2c  (2 arc minute - Worldwide)" ID="bathy/etopo2_v2c.nc"
      urlPath="bathy/etopo2_v2c.nc">
      <metadata>
        <creator>
          <name vocabulary="DIF">National Geophysical Data Center (NGDC)</name>
          <contact url="http://www.ngdc.noaa.gov/mgg/global/etopo2.html"
            email="barry.eakins@noaa.gov"/>
        </creator>
        <publisher>
          <name vocabulary="DIF">WHSC/USGS</name>
          <contact url="http://www.usgs.gov/" email="rsignell@usgs.gov"/>
        </publisher>
        <geospatialCoverage zpositive="up">
          <northsouth>
            <start>-90</start>
            <size>180</size>
            <units>degrees_north</units>
          </northsouth>
          <eastwest>
            <start>-180</start>
            <size>360</size>
            <units>degrees_east</units>
          </eastwest>
          <updown>
            <start>-10923</start>
            <size>19773</size>
            <units>meters</units>
          </updown>
        </geospatialCoverage>
        <documentation xlink:href="http://www.ngdc.noaa.gov/mgg/global/etopo2.html"
          xlink:title="ETOPO2  2 arc minute Global Topography from NGDC (v2c)"/>
        <documentation type="Summary">Two-minute gridded global relief for both ocean and land areas
          are available in the ETOPO2v2 (2006) database. ETOPO2v2c: Cell Centered (pixel registered,
          where the cell boundaries are lines of even minutes of latitude and longitude, centered on
          intersections of lines of odd minutes of latitude and longitude). </documentation>
        <documentation type="Citation">U.S. Department of Commerce, National Oceanic and Atmospheric
          Administration, National Geophysical Data Center, 2006. 2-minute Gridded Global Relief
          Data (ETOPO2v2) http://www.ngdc.noaa.gov/mgg/fliers/06mgg01.html </documentation>
      </metadata>
      <netcdf xmlns="http://www.unidata.ucar.edu/namespaces/netcdf/ncml-2.2"
        location="/usgs/data0/bathy/ETOPO2v2c_i2.nc">
        <variable name="topo">
          <attribute name="units" value="meters"/>
          <attribute name="long_name" value="Topography"/>
        </variable>
      </netcdf>
    </dataset>
    <dataset name="SRTM30+  Version 1.0  (30 arc second - Worldwide)" ID="bathy/srtm30plus_v1.nc"
      urlPath="bathy/srtm30plus_v1.nc">
      <metadata>
        <creator>
          <name vocabulary="DIF">UCSD</name>
          <contact url="http://www.ucsd.edu" email="jjbecker@ucsd.edu, dsandwell@ucsd.edu"/>
        </creator>
        <publisher>
          <name vocabulary="DIF">WHSC/USGS</name>
          <contact url="http://www.usgs.gov/" email="rsignell@usgs.gov"/>
        </publisher>
        <geospatialCoverage zpositive="up">
          <northsouth>
            <start>-90</start>
            <size>180</size>
            <units>degrees_north</units>
          </northsouth>
          <eastwest>
            <start>-180</start>
            <size>360</size>
            <units>degrees_east</units>
          </eastwest>
          <updown>
            <start>-10923</start>
            <size>19773</size>
            <units>meters</units>
          </updown>
        </geospatialCoverage>
        <documentation xlink:href="http://topex.ucsd.edu/WWW_html/srtm30_plus.html"
          xlink:title="SRTM30+  30 sec Global Topography from UCSD (v1.0)"/>
        <documentation type="Summary">This data consists of 33 files of global topography in the
          same format as the SRTM30 products distributed by the USGS EROS data center. The grid
          resolution is 30 second which is roughly one kilometer. </documentation>
        <documentation type="Reference">Becker, J. J., D. T. Sandwell, W. H. F. Smith, J. Braud, B.
          Binder, J. Depner, D. Fabre, J. Factor, S. Ingalls, S-H. Kim, R. Ladner, K. Marks, S.
          Nelson, A. Pharaoh, G. Sharman, R. Trimmer, J. vonRosenburg, G. Wallace, P. Weatherall.,
          Global Bathymetry and Elevation Data at 30 Arc Seconds Resolution: SRTM30_PLUS, revised
          for Marine Geodesy, January 20, 2009 </documentation>
        <documentation type="Rights"> David T. Sandwell, Walter H. F. Smith, and Joseph J. Becker
          Copyright 2008. The Regents of the University of California. All Rights Reserved.
          Permission to copy, modify and distribute any part of this gridded bathymetry at 30 second
          resolution for educational, research and non-profit purposes, without fee, and without a
          written agreement is hereby granted, provided that the above copyright notice, this
          paragraph and the following three paragraphs appear in all copies. Those desiring to
          incorporate this global bathymetry into commercial products or use for commercial purposes
          should contact the Technology Transfer and Intellectual Property Services, University of
          California, San Diego, 9500 Gilman Drive, Mail Code 0910, La Jolla, CA 92093-0910, Ph:
          (858) 534-5815, FAX: (858) 534-7345, E-MAIL:invent@ucsd.edu. IN NO EVENT SHALL THE
          UNIVERSITY OF CALIFORNIA BE LIABLE TO ANY PARTY FOR DIRECT, INDIRECT, SPECIAL, INCIDENTAL,
          OR CONSEQUENTIAL DAMAGES, INCLUDING LOST PROFITS, ARISING OUT OF THE USE OF THIS global
          bathymetry, EVEN IF THE UNIVERSITY OF CALIFORNIA HAS BEEN ADVISED OF THE POSSIBILITY OF
          SUCH DAMAGE. THE global bathymetry PROVIDED HEREIN IS ON AN "AS IS" BASIS, AND THE
          UNIVERSITY OF CALIFORNIA HAS NO OBLIGATION TO PROVIDE MAINTENANCE, SUPPORT, UPDATES,
          ENHANCEMENTS, OR MODIFICATIONS. THE UNIVERSITY OF CALIFORNIA MAKES NO REPRESENTATIONS AND
          EXTENDS NO WARRANTIES OF ANY KIND, EITHER IMPLIED OR EXPRESS, INCLUDING, BUT NOT LIMITED
          TO, THE IMPLIED WARRANTIES OF MERCHANTABILITY OR FITNESS FOR A PARTICULAR PURPOSE, OR THAT
          THE USE OF THE global bathymetry WILL NOT INFRINGE ANY PATENT, TRADEMARK OR OTHER RIGHTS.
        </documentation>
      </metadata>
      <netcdf xmlns="http://www.unidata.ucar.edu/namespaces/netcdf/ncml-2.2"
        location="/usgs/data0/bathy/srtm30plus_v1.nc">
        <variable name="lon" shape="lon" type="double">
          <attribute name="units" value="degrees_east"/>
          <values start="-180.00" increment="0.008333333333333333"/>
        </variable>
        <variable name="lat" shape="lat" type="double">
          <attribute name="units" value="degrees_north"/>
          <values start="90.00" increment="-0.008333333333333333"/>
        </variable>
        <variable name="topo">
          <attribute name="units" value="meters"/>
          <attribute name="long_name" value="Topography"/>
        </variable>
        <attribute name="Conventions" value="CF-1.0"/>
      </netcdf>
    </dataset>
    <dataset name="SRTM30+  Version 6.0  (30 arc second - Worldwide)" ID="bathy/srtm30plus_v6"
      urlPath="bathy/srtm30plus_v6">
      <metadata>
        <creator>
          <name vocabulary="DIF">UCSD</name>
          <contact url="http://www.ucsd.edu" email="jjbecker@ucsd.edu, dsandwell@ucsd.edu"/>
        </creator>
        <publisher>
          <name vocabulary="DIF">WHSC/USGS</name>
          <contact url="http://www.usgs.gov/" email="rsignell@usgs.gov"/>
        </publisher>
        <geospatialCoverage zpositive="up">
          <northsouth>
            <start>-90</start>
            <size>180</size>
            <units>degrees_north</units>
          </northsouth>
          <eastwest>
            <start>-180</start>
            <size>360</size>
            <units>degrees_east</units>
          </eastwest>
          <updown>
            <start>-10923</start>
            <size>19773</size>
            <units>meters</units>
          </updown>
        </geospatialCoverage>
        <documentation xlink:href="http://topex.ucsd.edu/WWW_html/srtm30_plus.html"
          xlink:title="SRTM30+  30 sec Global Topography from UCSD "/>
        <documentation type="Summary">This data consists of 33 files of global topography in the
          same format as the SRTM30 products distributed by the USGS EROS data center. The grid
          resolution is 30 second which is roughly one kilometer.</documentation>
        <documentation type="Reference">Becker, J. J., D. T. Sandwell, W. H. F. Smith, J. Braud, B.
          Binder, J. Depner, D. Fabre, J. Factor, S. Ingalls, S-H. Kim, R. Ladner, K. Marks, S.
          Nelson, A. Pharaoh, G. Sharman, R. Trimmer, J. vonRosenburg, G. Wallace, P. Weatherall.,
          Global Bathymetry and Elevation Data at 30 Arc Seconds Resolution: SRTM30_PLUS, revised
          for Marine Geodesy, January 20, 2009 </documentation>
        <documentation type="Rights"> David T. Sandwell, Walter H. F. Smith, and Joseph J. Becker
          Copyright 2009. The Regents of the University of California. All Rights Reserved.
          Permission to copy, modify and distribute any part of this gridded bathymetry at 30 second
          resolution for educational, research and non-profit purposes, without fee, and without a
          written agreement is hereby granted, provided that the above copyright notice, this
          paragraph and the following three paragraphs appear in all copies. Those desiring to
          incorporate this global bathymetry into commercial products or use for commercial purposes
          should contact the Technology Transfer and Intellectual Property Services, University of
          California, San Diego, 9500 Gilman Drive, Mail Code 0910, La Jolla, CA 92093-0910, Ph:
          (858) 534-5815, FAX: (858) 534-7345, E-MAIL:invent@ucsd.edu. IN NO EVENT SHALL THE
          UNIVERSITY OF CALIFORNIA BE LIABLE TO ANY PARTY FOR DIRECT, INDIRECT, SPECIAL, INCIDENTAL,
          OR CONSEQUENTIAL DAMAGES, INCLUDING LOST PROFITS, ARISING OUT OF THE USE OF THIS global
          bathymetry, EVEN IF THE UNIVERSITY OF CALIFORNIA HAS BEEN ADVISED OF THE POSSIBILITY OF
          SUCH DAMAGE. THE global bathymetry PROVIDED HEREIN IS ON AN "AS IS" BASIS, AND THE
          UNIVERSITY OF CALIFORNIA HAS NO OBLIGATION TO PROVIDE MAINTENANCE, SUPPORT, UPDATES,
          ENHANCEMENTS, OR MODIFICATIONS. THE UNIVERSITY OF CALIFORNIA MAKES NO REPRESENTATIONS AND
          EXTENDS NO WARRANTIES OF ANY KIND, EITHER IMPLIED OR EXPRESS, INCLUDING, BUT NOT LIMITED
          TO, THE IMPLIED WARRANTIES OF MERCHANTABILITY OR FITNESS FOR A PARTICULAR PURPOSE, OR THAT
          THE USE OF THE global bathymetry WILL NOT INFRINGE ANY PATENT, TRADEMARK OR OTHER RIGHTS.
        </documentation>
      </metadata>
      <netcdf xmlns="http://www.unidata.ucar.edu/namespaces/netcdf/ncml-2.2"
        location="/usgs/data0/bathy/srtm30plus_v6.nc">
        <dimension name="lon" orgName="x"/>
        <dimension name="lat" orgName="y"/>
        <variable name="lon" shape="lon" type="double">
          <attribute name="units" value="degrees_east"/>
          <attribute name="long_name" value="Longitude"/>
          <values start="-180.00" increment="0.008333333333333333"/>
        </variable>
        <variable name="lat" shape="lat" type="double">
          <attribute name="units" value="degrees_north"/>
          <attribute name="long_name" value="Latitude"/>
          <values start="90.00" increment="-0.008333333333333333"/>
        </variable>
        <variable name="topo" orgName="Band1">
          <attribute name="units" value="meters"/>
          <attribute name="long_name" value="Topography"/>
        </variable>
        <attribute name="Conventions" value="COARDS"/>
      </netcdf>
    </dataset>
    <dataset name="Smith and Sandwell v9.1  (~ 60 arc second - Worldwide)"
      ID="bathy/smith_sandwell_v9.1.nc" urlPath="bathy/smith_sandwell_v9.1.nc">
      <metadata>
        <creator>
          <name vocabulary="DIF">UCSD</name>
          <contact url="http://www.ucsd.edu" email="jjbecker@ucsd.edu, dsandwell@ucsd.edu"/>
        </creator>
        <publisher>
          <name vocabulary="DIF">WHSC/USGS</name>
          <contact url="http://www.usgs.gov/" email="rsignell@usgs.gov"/>
        </publisher>
        <geospatialCoverage zpositive="up">
          <northsouth>
            <start>80.738</start>
            <size>161.476</size>
            <units>degrees_north</units>
          </northsouth>
          <eastwest>
            <start>-180</start>
            <size>360</size>
            <units>degrees_east</units>
          </eastwest>
          <updown>
            <start>-11000</start>
            <size>20000</size>
            <units>meters</units>
          </updown>
        </geospatialCoverage>
        <documentation xlink:href="ftp://topex.ucsd.edu/pub/global_topo_1min"
          xlink:title="Smith and Sandwell  60 s Global Topography from UCSD (v9.1)"/>
        <documentation type="Reference">Smith, W. H. F. and D. Sandwell, Global seafloor topography
          from satellite altimetry and ship depth soundings, Science, 277, p.1956-1962, 1997. </documentation>
        <documentation type="Rights"> David T. Sandwell, Walter H. F. Smith, and Joseph J. Becker
          Copyright 2008. The Regents of the University of California. All Rights Reserved.
          Permission to copy, modify and distribute any part of this gridded bathymetry at 30 second
          resolution for educational, research and non-profit purposes, without fee, and without a
          written agreement is hereby granted, provided that the above copyright notice, this
          paragraph and the following three paragraphs appear in all copies. Those desiring to
          incorporate this global bathymetry into commercial products or use for commercial purposes
          should contact the Technology Transfer and Intellectual Property Services, University of
          California, San Diego, 9500 Gilman Drive, Mail Code 0910, La Jolla, CA 92093-0910, Ph:
          (858) 534-5815, FAX: (858) 534-7345, E-MAIL:invent@ucsd.edu. IN NO EVENT SHALL THE
          UNIVERSITY OF CALIFORNIA BE LIABLE TO ANY PARTY FOR DIRECT, INDIRECT, SPECIAL, INCIDENTAL,
          OR CONSEQUENTIAL DAMAGES, INCLUDING LOST PROFITS, ARISING OUT OF THE USE OF THIS global
          bathymetry, EVEN IF THE UNIVERSITY OF CALIFORNIA HAS BEEN ADVISED OF THE POSSIBILITY OF
          SUCH DAMAGE. THE global bathymetry PROVIDED HEREIN IS ON AN "AS IS" BASIS, AND THE
          UNIVERSITY OF CALIFORNIA HAS NO OBLIGATION TO PROVIDE MAINTENANCE, SUPPORT, UPDATES,
          ENHANCEMENTS, OR MODIFICATIONS. THE UNIVERSITY OF CALIFORNIA MAKES NO REPRESENTATIONS AND
          EXTENDS NO WARRANTIES OF ANY KIND, EITHER IMPLIED OR EXPRESS, INCLUDING, BUT NOT LIMITED
          TO, THE IMPLIED WARRANTIES OF MERCHANTABILITY OR FITNESS FOR A PARTICULAR PURPOSE, OR THAT
          THE USE OF THE global bathymetry WILL NOT INFRINGE ANY PATENT, TRADEMARK OR OTHER RIGHTS.
        </documentation>
      </metadata>
      <netcdf xmlns="http://www.unidata.ucar.edu/namespaces/netcdf/ncml-2.2"
        location="/usgs/data0/bathy/smith_sandwell_v9.1.nc"/>
    </dataset>
    <dataset name="Smith and Sandwell v11.1  (~ 60 arc second - Worldwide)"
      ID="bathy/smith_sandwell_v11" urlPath="bathy/smith_sandwell_v11">
      <metadata>
        <creator>
          <name vocabulary="DIF">UCSD</name>
          <contact url="http://www.ucsd.edu" email="jjbecker@ucsd.edu, dsandwell@ucsd.edu"/>
        </creator>
        <publisher>
          <name vocabulary="DIF">WHSC/USGS</name>
          <contact url="http://www.usgs.gov/" email="rsignell@usgs.gov"/>
        </publisher>
        <geospatialCoverage zpositive="up">
          <northsouth>
            <start>80.738</start>
            <size>161.476</size>
            <units>degrees_north</units>
          </northsouth>
          <eastwest>
            <start>-180</start>
            <size>360</size>
            <units>degrees_east</units>
          </eastwest>
          <updown>
            <start>-11000</start>
            <size>20000</size>
            <units>meters</units>
          </updown>
        </geospatialCoverage>
        <documentation xlink:href="ftp://topex.ucsd.edu/pub/global_topo_1min"
          xlink:title="Smith and Sandwell  60 s Global Topography from UCSD (v11.1)"/>
        <documentation type="Reference">Smith, W. H. F. and D. Sandwell, Global seafloor topography
          from satellite altimetry and ship depth soundings, Science, 277, p.1956-1962, 1997. </documentation>
        <documentation type="Rights"> David T. Sandwell, Walter H. F. Smith, and Joseph J. Becker
          Copyright 2008. The Regents of the University of California. All Rights Reserved.
          Permission to copy, modify and distribute any part of this gridded bathymetry at 30 second
          resolution for educational, research and non-profit purposes, without fee, and without a
          written agreement is hereby granted, provided that the above copyright notice, this
          paragraph and the following three paragraphs appear in all copies. Those desiring to
          incorporate this global bathymetry into commercial products or use for commercial purposes
          should contact the Technology Transfer and Intellectual Property Services, University of
          California, San Diego, 9500 Gilman Drive, Mail Code 0910, La Jolla, CA 92093-0910, Ph:
          (858) 534-5815, FAX: (858) 534-7345, E-MAIL:invent@ucsd.edu. IN NO EVENT SHALL THE
          UNIVERSITY OF CALIFORNIA BE LIABLE TO ANY PARTY FOR DIRECT, INDIRECT, SPECIAL, INCIDENTAL,
          OR CONSEQUENTIAL DAMAGES, INCLUDING LOST PROFITS, ARISING OUT OF THE USE OF THIS global
          bathymetry, EVEN IF THE UNIVERSITY OF CALIFORNIA HAS BEEN ADVISED OF THE POSSIBILITY OF
          SUCH DAMAGE. THE global bathymetry PROVIDED HEREIN IS ON AN "AS IS" BASIS, AND THE
          UNIVERSITY OF CALIFORNIA HAS NO OBLIGATION TO PROVIDE MAINTENANCE, SUPPORT, UPDATES,
          ENHANCEMENTS, OR MODIFICATIONS. THE UNIVERSITY OF CALIFORNIA MAKES NO REPRESENTATIONS AND
          EXTENDS NO WARRANTIES OF ANY KIND, EITHER IMPLIED OR EXPRESS, INCLUDING, BUT NOT LIMITED
          TO, THE IMPLIED WARRANTIES OF MERCHANTABILITY OR FITNESS FOR A PARTICULAR PURPOSE, OR THAT
          THE USE OF THE global bathymetry WILL NOT INFRINGE ANY PATENT, TRADEMARK OR OTHER RIGHTS.
        </documentation>
      </metadata>
      <netcdf xmlns="http://www.unidata.ucar.edu/namespaces/netcdf/ncml-2.2"
        location="/usgs/data0/bathy/smith_sandwell_v11.1.nc"/>
    </dataset>
    <dataset name="NOAA Coastal Relief Model (3 arc sec), Vol. 1 (Atlantic Northeast)"
      ID="bathy/crm_vol1.nc" urlPath="bathy/crm_vol1.nc">
      <metadata>
        <creator>
          <name vocabulary="DIF">NGDC/NOAA/GOV</name>
          <contact url="http://www.ngdc.noaa.gov" email="Barry.Eakins@noaa.gov"/>
        </creator>
        <publisher>
          <name vocabulary="DIF">WHSC/USGS</name>
          <contact url="http://www.usgs.gov/" email="rsignell@usgs.gov"/>
        </publisher>
        <geospatialCoverage zpositive="up">
          <northsouth>
            <start>40.0</start>
            <size>8.0</size>
            <units>degrees_north</units>
          </northsouth>
          <eastwest>
            <start>-80.0</start>
            <size>15.0</size>
            <units>degrees_east</units>
          </eastwest>
          <updown>
            <start>-5000</start>
            <size>8000</size>
            <units>meters</units>
          </updown>
        </geospatialCoverage>
        <documentation xlink:href="http://www.ngdc.noaa.gov/mgg/coastal/coastal.html"
          xlink:title="NOAA Coastal Relief Model"/>
        <documentation type="Summary">This Coastal Relief Gridded database provides the first
          comprehensive view of the US Coastal Zone; one that extends from the coastal state
          boundaries to as far offshore as the NOS hydrographic data will support a continuous view
          of the seafloor. In many cases, this seaward limit reaches out to, and in places even
          beyond the continental slope. The gridded database contains data for the entire coastal
          zone of the conterminous US, including Hawaii and Puerto Rico. The next area to be
          included will be Alaska and the Aleutian Islands. The database will eventually include the
          Great Lakes and surrounding state coastal areas. </documentation>
        <documentation type="Citation">Divins, D.L., and D. Metzger, NGDC Coastal Relief Model,
           http://www.ngdc.noaa.gov/mgg/coastal/coastal.html
        </documentation>
      </metadata>
      <netcdf xmlns="http://www.unidata.ucar.edu/namespaces/netcdf/ncml-2.2"
        location="/usgs/data0/bathy/crm_vol1.nc">
        <variable name="lon" shape="lon" type="double">
          <attribute name="units" value="degrees_east"/>
          <values start="-80.00" increment="0.0008333333333333333"/>
        </variable>
        <variable name="lat" shape="lat" type="double">
          <attribute name="units" value="degrees_north"/>
          <values start="48.00" increment="-0.0008333333333333333"/>
        </variable>
        <variable name="topo">
          <attribute name="units" value="meters"/>
          <attribute name="long_name" value="Topography"/>
        </variable>
        <attribute name="Conventions" value="CF-1.0"/>
      </netcdf>
    </dataset>
    <dataset name="NOAA Coastal Relief Model (3 arc sec), Vol. 2 (Atlantic Southeast)"
      ID="bathy/crm_vol2.nc" urlPath="bathy/crm_vol2.nc">
      <metadata>
        <creator>
          <name vocabulary="DIF">NGDC/NOAA/GOV</name>
          <contact url="http://www.ngdc.noaa.gov" email="Barry.Eakins@noaa.gov"/>
        </creator>
        <publisher>
          <name vocabulary="DIF">WHSC/USGS</name>
          <contact url="http://www.usgs.gov/" email="rsignell@usgs.gov"/>
        </publisher>
        <geospatialCoverage zpositive="up">
          <northsouth>
            <start>31.0</start>
            <size>9.0</size>
            <units>degrees_north</units>
          </northsouth>
          <eastwest>
            <start>-85.0</start>
            <size>17.0</size>
            <units>degrees_east</units>
          </eastwest>
          <updown>
            <start>-5000</start>
            <size>8000</size>
            <units>meters</units>
          </updown>
        </geospatialCoverage>
        <documentation xlink:href="http://www.ngdc.noaa.gov/mgg/coastal/coastal.html"
          xlink:title="NOAA Coastal Relief Model"/>
        <documentation type="Summary">This Coastal Relief Gridded database provides the first
          comprehensive view of the US Coastal Zone; one that extends from the coastal state
          boundaries to as far offshore as the NOS hydrographic data will support a continuous view
          of the seafloor. In many cases, this seaward limit reaches out to, and in places even
          beyond the continental slope. The gridded database contains data for the entire coastal
          zone of the conterminous US, including Hawaii and Puerto Rico. The next area to be
          included will be Alaska and the Aleutian Islands. The database will eventually include the
          Great Lakes and surrounding state coastal areas. </documentation>
        <documentation type="Citation">Divins, D.L., and D. Metzger, NGDC Coastal Relief Model,
           http://www.ngdc.noaa.gov/mgg/coastal/coastal.html
        </documentation>
      </metadata>
      <netcdf xmlns="http://www.unidata.ucar.edu/namespaces/netcdf/ncml-2.2"
        location="/usgs/data0/bathy/crm_vol2.nc">
        <variable name="lon" shape="lon" type="double">
          <attribute name="units" value="degrees_east"/>
          <values start="-85.00" increment="0.0008333333333333333"/>
        </variable>
        <variable name="lat" shape="lat" type="double">
          <attribute name="units" value="degrees_north"/>
          <values start="40.00" increment="-0.0008333333333333333"/>
        </variable>
        <variable name="topo">
          <attribute name="units" value="meters"/>
          <attribute name="long_name" value="Topography"/>
        </variable>
        <attribute name="Conventions" value="CF-1.0"/>
      </netcdf>
    </dataset>
    <dataset name="NOAA Coastal Relief Model (3 arc sec), Vol. 3 (Florida)" ID="bathy/crm_vol3.nc"
      urlPath="bathy/crm_vol3.nc">
      <metadata>
        <creator>
          <name vocabulary="DIF">NGDC/NOAA/GOV</name>
          <contact url="http://www.ngdc.noaa.gov" email="Barry.Eakins@noaa.gov"/>
        </creator>
        <publisher>
          <name vocabulary="DIF">WHSC/USGS</name>
          <contact url="http://www.usgs.gov/" email="rsignell@usgs.gov"/>
        </publisher>
        <geospatialCoverage zpositive="up">
          <northsouth>
            <start>31.0</start>
            <size>9.0</size>
            <units>degrees_north</units>
          </northsouth>
          <eastwest>
            <start>-85.0</start>
            <size>17.0</size>
            <units>degrees_east</units>
          </eastwest>
          <updown>
            <start>-5000</start>
            <size>8000</size>
            <units>meters</units>
          </updown>
        </geospatialCoverage>
        <documentation xlink:href="http://www.ngdc.noaa.gov/mgg/coastal/coastal.html"
          xlink:title="NOAA Coastal Relief Model"/>
        <documentation type="Summary">This Coastal Relief Gridded database provides the first
          comprehensive view of the US Coastal Zone; one that extends from the coastal state
          boundaries to as far offshore as the NOS hydrographic data will support a continuous view
          of the seafloor. In many cases, this seaward limit reaches out to, and in places even
          beyond the continental slope. The gridded database contains data for the entire coastal
          zone of the conterminous US, including Hawaii and Puerto Rico. The next area to be
          included will be Alaska and the Aleutian Islands. The database will eventually include the
          Great Lakes and surrounding state coastal areas. </documentation>
        <documentation type="Citation">Divins, D.L., and D. Metzger, NGDC Coastal Relief Model,
           http://www.ngdc.noaa.gov/mgg/coastal/coastal.html
        </documentation>
      </metadata>
      <netcdf xmlns="http://www.unidata.ucar.edu/namespaces/netcdf/ncml-2.2"
        location="/usgs/data0/bathy/crm_vol3.nc">
        <variable name="lon" shape="lon" type="double">
          <attribute name="units" value="degrees_east"/>
          <values start="-87.00" increment="0.0008333333333333333"/>
        </variable>
        <variable name="lat" shape="lat" type="double">
          <attribute name="units" value="degrees_north"/>
          <values start="35.00" increment="-0.0008333333333333333"/>
        </variable>
        <variable name="topo">
          <attribute name="units" value="meters"/>
          <attribute name="long_name" value="Topography"/>
        </variable>
        <attribute name="Conventions" value="CF-1.0"/>
      </netcdf>
    </dataset>
    <dataset name="NOAA Coastal Relief Model (3 arc sec), Vol. 4 (Central Gulf of Mexico)"
      ID="bathy/crm_vol4.nc" urlPath="bathy/crm_vol4.nc">
      <metadata>
        <creator>
          <name vocabulary="DIF">NGDC/NOAA/GOV</name>
          <contact url="http://www.ngdc.noaa.gov" email="Barry.Eakins@noaa.gov"/>
        </creator>
        <publisher>
          <name vocabulary="DIF">WHSC/USGS</name>
          <contact url="http://www.usgs.gov/" email="rsignell@usgs.gov"/>
        </publisher>
        <geospatialCoverage zpositive="up">
          <northsouth>
            <start>24.0</start>
            <size>11.0</size>
            <units>degrees_north</units>
          </northsouth>
          <eastwest>
            <start>-94.0</start>
            <size>15.0</size>
            <units>degrees_east</units>
          </eastwest>
          <updown>
            <start>-5000</start>
            <size>8000</size>
            <units>meters</units>
          </updown>
        </geospatialCoverage>
        <documentation xlink:href="http://www.ngdc.noaa.gov/mgg/coastal/coastal.html"
          xlink:title="NOAA Coastal Relief Model"/>
        <documentation type="Summary">This Coastal Relief Gridded database provides the first
          comprehensive view of the US Coastal Zone; one that extends from the coastal state
          boundaries to as far offshore as the NOS hydrographic data will support a continuous view
          of the seafloor. In many cases, this seaward limit reaches out to, and in places even
          beyond the continental slope. The gridded database contains data for the entire coastal
          zone of the conterminous US, including Hawaii and Puerto Rico. The next area to be
          included will be Alaska and the Aleutian Islands. The database will eventually include the
          Great Lakes and surrounding state coastal areas. </documentation>
        <documentation type="Citation">Divins, D.L., and D. Metzger, NGDC Coastal Relief Model,
           http://www.ngdc.noaa.gov/mgg/coastal/coastal.html
        </documentation>
      </metadata>
      <netcdf xmlns="http://www.unidata.ucar.edu/namespaces/netcdf/ncml-2.2"
        location="/usgs/data0/bathy/crm_vol4.nc">
        <variable name="lon" shape="lon" type="double">
          <attribute name="units" value="degrees_east"/>
          <values start="-94.00" increment="0.0008333333333333333"/>
        </variable>
        <variable name="lat" shape="lat" type="double">
          <attribute name="units" value="degrees_north"/>
          <values start="35.00" increment="-0.0008333333333333333"/>
        </variable>
        <variable name="topo">
          <attribute name="units" value="meters"/>
          <attribute name="long_name" value="Topography"/>
        </variable>
        <attribute name="Conventions" value="CF-1.0"/>
      </netcdf>
    </dataset>
    <dataset name="NOAA Coastal Relief Model (3 arc sec), Vol. 5 (Western Gulf of Mexico)"
      ID="bathy/crm_vol5.nc" urlPath="bathy/crm_vol5.nc">
      <metadata>
        <creator>
          <name vocabulary="DIF">NGDC/NOAA/GOV</name>
          <contact url="http://www.ngdc.noaa.gov" email="Barry.Eakins@noaa.gov"/>
        </creator>
        <publisher>
          <name vocabulary="DIF">WHSC/USGS</name>
          <contact url="http://www.usgs.gov/" email="rsignell@usgs.gov"/>
        </publisher>
        <geospatialCoverage zpositive="up">
          <northsouth>
            <start>25.0</start>
            <size>12.0</size>
            <units>degrees_north</units>
          </northsouth>
          <eastwest>
            <start>-107.0</start>
            <size>15.0</size>
            <units>degrees_east</units>
          </eastwest>
          <updown>
            <start>-5000</start>
            <size>8000</size>
            <units>meters</units>
          </updown>
        </geospatialCoverage>
        <documentation xlink:href="http://www.ngdc.noaa.gov/mgg/coastal/coastal.html"
          xlink:title="NOAA Coastal Relief Model"/>
        <documentation type="Summary">This Coastal Relief Gridded database provides the first
          comprehensive view of the US Coastal Zone; one that extends from the coastal state
          boundaries to as far offshore as the NOS hydrographic data will support a continuous view
          of the seafloor. In many cases, this seaward limit reaches out to, and in places even
          beyond the continental slope. The gridded database contains data for the entire coastal
          zone of the conterminous US, including Hawaii and Puerto Rico. The next area to be
          included will be Alaska and the Aleutian Islands. The database will eventually include the
          Great Lakes and surrounding state coastal areas. </documentation>
        <documentation type="Citation">Divins, D.L., and D. Metzger, NGDC Coastal Relief Model,
           http://www.ngdc.noaa.gov/mgg/coastal/coastal.html
        </documentation>
      </metadata>
      <netcdf xmlns="http://www.unidata.ucar.edu/namespaces/netcdf/ncml-2.2"
        location="/usgs/data0/bathy/crm_vol5.nc">
        <variable name="lon" shape="lon" type="double">
          <attribute name="units" value="degrees_east"/>
          <values start="-107.00" increment="0.0008333333333333333"/>
        </variable>
        <variable name="lat" shape="lat" type="double">
          <attribute name="units" value="degrees_north"/>
          <values start="37.00" increment="-0.0008333333333333333"/>
        </variable>
        <variable name="topo">
          <attribute name="units" value="meters"/>
          <attribute name="long_name" value="Topography"/>
        </variable>
        <attribute name="Conventions" value="CF-1.0"/>
      </netcdf>
    </dataset>
    <dataset name="NOAA Coastal Relief Model (3 arc sec), Vol. 6 (Southern California)"
      ID="bathy/crm_vol6.nc" urlPath="bathy/crm_vol6.nc">
      <metadata>
        <creator>
          <name vocabulary="DIF">NGDC/NOAA/GOV</name>
          <contact url="http://www.ngdc.noaa.gov" email="Barry.Eakins@noaa.gov"/>
        </creator>
        <publisher>
          <name vocabulary="DIF">WHSC/USGS</name>
          <contact url="http://www.usgs.gov/" email="rsignell@usgs.gov"/>
        </publisher>
        <geospatialCoverage zpositive="up">
          <northsouth>
            <start>32.0</start>
            <size>5.0</size>
            <units>degrees_north</units>
          </northsouth>
          <eastwest>
            <start>-124.0</start>
            <size>15.0</size>
            <units>degrees_east</units>
          </eastwest>
          <updown>
            <start>-5000</start>
            <size>8000</size>
            <units>meters</units>
          </updown>
        </geospatialCoverage>
        <documentation xlink:href="http://www.ngdc.noaa.gov/mgg/coastal/coastal.html"
          xlink:title="NOAA Coastal Relief Model"/>
        <documentation type="Summary">This Coastal Relief Gridded database provides the first
          comprehensive view of the US Coastal Zone; one that extends from the coastal state
          boundaries to as far offshore as the NOS hydrographic data will support a continuous view
          of the seafloor. In many cases, this seaward limit reaches out to, and in places even
          beyond the continental slope. The gridded database contains data for the entire coastal
          zone of the conterminous US, including Hawaii and Puerto Rico. The next area to be
          included will be Alaska and the Aleutian Islands. The database will eventually include the
          Great Lakes and surrounding state coastal areas. </documentation>
        <documentation type="Citation">Divins, D.L., and D. Metzger, NGDC Coastal Relief Model,
           http://www.ngdc.noaa.gov/mgg/coastal/coastal.html
        </documentation>
      </metadata>
      <netcdf xmlns="http://www.unidata.ucar.edu/namespaces/netcdf/ncml-2.2"
        location="/usgs/data0/bathy/crm_vol6.nc">
        <variable name="lon" shape="lon" type="double">
          <attribute name="units" value="degrees_east"/>
          <values start="-124.00" increment="0.0008333333333333333"/>
        </variable>
        <variable name="lat" shape="lat" type="double">
          <attribute name="units" value="degrees_north"/>
          <values start="37.00" increment="-0.0008333333333333333"/>
        </variable>
        <variable name="topo">
          <attribute name="units" value="meters"/>
          <attribute name="long_name" value="Topography"/>
        </variable>
        <attribute name="Conventions" value="CF-1.0"/>
      </netcdf>
    </dataset>
    <dataset
      name="NOAA Coastal Relief Model (3 arc sec), Vol. 7 (Northern California/Southern Oregon)"
      ID="bathy/crm_vol7.nc" urlPath="bathy/crm_vol7.nc">
      <metadata>
        <creator>
          <name vocabulary="DIF">NGDC/NOAA/GOV</name>
          <contact url="http://www.ngdc.noaa.gov" email="Barry.Eakins@noaa.gov"/>
        </creator>
        <publisher>
          <name vocabulary="DIF">WHSC/USGS</name>
          <contact url="http://www.usgs.gov/" email="rsignell@usgs.gov"/>
        </publisher>
        <geospatialCoverage zpositive="up">
          <northsouth>
            <start>37.0</start>
            <size>7.0</size>
            <units>degrees_north</units>
          </northsouth>
          <eastwest>
            <start>-127.0</start>
            <size>15.0</size>
            <units>degrees_east</units>
          </eastwest>
          <updown>
            <start>-5000</start>
            <size>8000</size>
            <units>meters</units>
          </updown>
        </geospatialCoverage>
        <documentation xlink:href="http://www.ngdc.noaa.gov/mgg/coastal/coastal.html"
          xlink:title="NOAA Coastal Relief Model"/>
        <documentation type="Summary">This Coastal Relief Gridded database provides the first
          comprehensive view of the US Coastal Zone; one that extends from the coastal state
          boundaries to as far offshore as the NOS hydrographic data will support a continuous view
          of the seafloor. In many cases, this seaward limit reaches out to, and in places even
          beyond the continental slope. The gridded database contains data for the entire coastal
          zone of the conterminous US, including Hawaii and Puerto Rico. The next area to be
          included will be Alaska and the Aleutian Islands. The database will eventually include the
          Great Lakes and surrounding state coastal areas. </documentation>
        <documentation type="Citation">Divins, D.L., and D. Metzger, NGDC Coastal Relief Model,
           http://www.ngdc.noaa.gov/mgg/coastal/coastal.html
        </documentation>
      </metadata>
      <netcdf xmlns="http://www.unidata.ucar.edu/namespaces/netcdf/ncml-2.2"
        location="/usgs/data0/bathy/crm_vol7.nc">
        <variable name="lon" shape="lon" type="double">
          <attribute name="units" value="degrees_east"/>
          <values start="-127.00" increment="0.0008333333333333333"/>
        </variable>
        <variable name="lat" shape="lat" type="double">
          <attribute name="units" value="degrees_north"/>
          <values start="44.00" increment="-0.0008333333333333333"/>
        </variable>
        <variable name="topo">
          <attribute name="units" value="meters"/>
          <attribute name="long_name" value="Topography"/>
        </variable>
        <attribute name="Conventions" value="CF-1.0"/>
      </netcdf>
    </dataset>
    <dataset name="NOAA Coastal Relief Model (3 arc sec), Vol. 8 (Pacific Northwest)"
      ID="bathy/crm_vol8.nc" urlPath="bathy/crm_vol8.nc">
      <metadata>
        <creator>
          <name vocabulary="DIF">NGDC/NOAA/GOV</name>
          <contact url="http://www.ngdc.noaa.gov" email="Barry.Eakins@noaa.gov"/>
        </creator>
        <publisher>
          <name vocabulary="DIF">WHSC/USGS</name>
          <contact url="http://www.usgs.gov/" email="rsignell@usgs.gov"/>
        </publisher>
        <geospatialCoverage zpositive="up">
          <northsouth>
            <start>44.0</start>
            <size>5.0</size>
            <units>degrees_north</units>
          </northsouth>
          <eastwest>
            <start>-127.0</start>
            <size>11.0</size>
            <units>degrees_east</units>
          </eastwest>
          <updown>
            <start>-5000</start>
            <size>8000</size>
            <units>meters</units>
          </updown>
        </geospatialCoverage>
        <documentation xlink:href="http://www.ngdc.noaa.gov/mgg/coastal/coastal.html"
          xlink:title="NOAA Coastal Relief Model"/>
        <documentation type="Summary">This Coastal Relief Gridded database provides the first
          comprehensive view of the US Coastal Zone; one that extends from the coastal state
          boundaries to as far offshore as the NOS hydrographic data will support a continuous view
          of the seafloor. In many cases, this seaward limit reaches out to, and in places even
          beyond the continental slope. The gridded database contains data for the entire coastal
          zone of the conterminous US, including Hawaii and Puerto Rico. The next area to be
          included will be Alaska and the Aleutian Islands. The database will eventually include the
          Great Lakes and surrounding state coastal areas. </documentation>
        <documentation type="Citation">Divins, D.L., and D. Metzger, NGDC Coastal Relief Model,
           http://www.ngdc.noaa.gov/mgg/coastal/coastal.html
        </documentation>
      </metadata>
      <netcdf xmlns="http://www.unidata.ucar.edu/namespaces/netcdf/ncml-2.2"
        location="/usgs/data0/bathy/crm_vol8.nc">
        <variable name="lon" shape="lon" type="double">
          <attribute name="units" value="degrees_east"/>
          <values start="-127.00" increment="0.0008333333333333333"/>
        </variable>
        <variable name="lat" shape="lat" type="double">
          <attribute name="units" value="degrees_north"/>
          <values start="49.00" increment="-0.0008333333333333333"/>
        </variable>
        <variable name="topo">
          <attribute name="units" value="meters"/>
          <attribute name="long_name" value="Topography"/>
        </variable>
        <attribute name="Conventions" value="CF-1.0"/>
      </netcdf>
    </dataset>
    <dataset name="NOAA Coastal Relief Model (3 arc sec), Vol. 10 (Hawaii)" ID="bathy/crm_vol10.nc"
      urlPath="bathy/crm_vol10.nc">
      <metadata>
        <creator>
          <name vocabulary="DIF">NGDC/NOAA/GOV</name>
          <contact url="http://www.ngdc.noaa.gov" email="Barry.Eakins@noaa.gov"/>
        </creator>
        <publisher>
          <name vocabulary="DIF">WHSC/USGS</name>
          <contact url="http://www.usgs.gov/" email="rsignell@usgs.gov"/>
        </publisher>
        <geospatialCoverage zpositive="up">
          <northsouth>
            <start>18.0</start>
            <size>5.0</size>
            <units>degrees_north</units>
          </northsouth>
          <eastwest>
            <start>-161.0</start>
            <size>15.0</size>
            <units>degrees_east</units>
          </eastwest>
          <updown>
            <start>-5000</start>
            <size>8000</size>
            <units>meters</units>
          </updown>
        </geospatialCoverage>
        <documentation xlink:href="http://www.ngdc.noaa.gov/mgg/coastal/coastal.html"
          xlink:title="NOAA Coastal Relief Model"/>
        <documentation type="Summary">This Coastal Relief Gridded database provides the first
          comprehensive view of the US Coastal Zone; one that extends from the coastal state
          boundaries to as far offshore as the NOS hydrographic data will support a continuous view
          of the seafloor. In many cases, this seaward limit reaches out to, and in places even
          beyond the continental slope. The gridded database contains data for the entire coastal
          zone of the conterminous US, including Hawaii and Puerto Rico. The next area to be
          included will be Alaska and the Aleutian Islands. The database will eventually include the
          Great Lakes and surrounding state coastal areas. </documentation>
        <documentation type="Citation">Divins, D.L., and D. Metzger, NGDC Coastal Relief Model,
           http://www.ngdc.noaa.gov/mgg/coastal/coastal.html
        </documentation>
      </metadata>
      <netcdf xmlns="http://www.unidata.ucar.edu/namespaces/netcdf/ncml-2.2"
        location="/usgs/data0/bathy/crm_vol10.nc">
        <variable name="lon" shape="lon" type="double">
          <attribute name="units" value="degrees_east"/>
          <values start="-161.00" increment="0.0008333333333333333"/>
        </variable>
        <variable name="lat" shape="lat" type="double">
          <attribute name="units" value="degrees_north"/>
          <values start="23.00" increment="-0.0008333333333333333"/>
        </variable>
        <variable name="topo">
          <attribute name="units" value="meters"/>
          <attribute name="long_name" value="Topography"/>
        </variable>
        <attribute name="Conventions" value="CF-1.0"/>
      </netcdf>
    </dataset>
    <dataset name="NOAA Coastal Relief Model (3 arc sec), Vol. 9 (Puerto Rico)"
      ID="bathy/crm_vol9.nc" urlPath="bathy/crm_vol9.nc">
      <metadata>
        <creator>
          <name vocabulary="DIF">NGDC/NOAA/GOV</name>
          <contact url="http://www.ngdc.noaa.gov" email="Barry.Eakins@noaa.gov"/>
        </creator>
        <publisher>
          <name vocabulary="DIF">WHSC/USGS</name>
          <contact url="http://www.usgs.gov/" email="rsignell@usgs.gov"/>
        </publisher>
        <geospatialCoverage zpositive="up">
          <northsouth>
            <start>17.0</start>
            <size>2.0</size>
            <units>degrees_north</units>
          </northsouth>
          <eastwest>
            <start>-68.0</start>
            <size>15.0</size>
            <units>degrees_east</units>
          </eastwest>
          <updown>
            <start>-5000</start>
            <size>8000</size>
            <units>meters</units>
          </updown>
        </geospatialCoverage>
        <documentation xlink:href="http://www.ngdc.noaa.gov/mgg/coastal/coastal.html"
          xlink:title="NOAA Coastal Relief Model"/>
        <documentation type="Summary">This Coastal Relief Gridded database provides the first
          comprehensive view of the US Coastal Zone; one that extends from the coastal state
          boundaries to as far offshore as the NOS hydrographic data will support a continuous view
          of the seafloor. In many cases, this seaward limit reaches out to, and in places even
          beyond the continental slope. The gridded database contains data for the entire coastal
          zone of the conterminous US, including Hawaii and Puerto Rico. The next area to be
          included will be Alaska and the Aleutian Islands. The database will eventually include the
          Great Lakes and surrounding state coastal areas. </documentation>
        <documentation type="Citation">Divins, D.L., and D. Metzger, NGDC Coastal Relief Model,
           http://www.ngdc.noaa.gov/mgg/coastal/coastal.html
        </documentation>
      </metadata>
      <netcdf xmlns="http://www.unidata.ucar.edu/namespaces/netcdf/ncml-2.2"
        location="/usgs/data0/bathy/crm_vol9.nc">
        <variable name="lon" shape="lon" type="double">
          <attribute name="units" value="degrees_east"/>
          <values start="-68.00" increment="0.0008333333333333333"/>
        </variable>
        <variable name="lat" shape="lat" type="double">
          <attribute name="units" value="degrees_north"/>
          <values start="19.00" increment="-0.0008333333333333333"/>
        </variable>
        <variable name="topo">
          <attribute name="units" value="meters"/>
          <attribute name="long_name" value="Topography"/>
        </variable>
        <attribute name="Conventions" value="CF-1.0"/>
      </netcdf>
    </dataset>
    <dataset name="Puget Sound DEM:2005 " ID="bathy/psdem_2005" urlPath="bathy/psdem_2005">
      <metadata>
        <geospatialCoverage zpositive="up">
          <northsouth>
            <start>47.0</start>
            <size>1.5</size>
            <units>degrees_north</units>
          </northsouth>
          <eastwest>
            <start>-124.0</start>
            <size>2.0</size>
            <units>degrees_east</units>
          </eastwest>
          <updown>
            <start>-295.0</start>
            <size>3893.0</size>
            <units>meters</units>
          </updown>
        </geospatialCoverage>
        <documentation xlink:href="http://www.ocean.washington.edu/data/pugetsound/psdem2005.html"
          xlink:title="Puget Sound DEM:2005"/>
        <documentation type="Summary"> 30 ft resolution DEM data from David Finlayson was downloaded
          in ARC ASCII Grid format from
          http://www.ocean.washington.edu/data/pugetsound/psdem2005.html and converted from State
          Plane coordinates (Washington North, NAD83) in feet with 30 ft resolution to geographic
          coordinates (lon,lat) with 0.0001 arc degree resolution using bilinear interpolation.
          Heights relative to NAVD88 were converted from units of feet to meters. </documentation>
        <documentation type="Rights">License for Use: This digital elevation model (DEM) is
          Copyright © 2005 David Finlayson. This work is licensed under a Creative Commons License
          (see http://creativecommons.org/licenses/by/2.0/) To fully comply with the terms of this
          license you must include the following citation wherever the dataset is used (including in
          derivative works): Finlayson D.P. (2005) Combined bathymetry and topography of the Puget
          Lowland, Washington State. University of Washington,
          (http://www.ocean.washington.edu/data/pugetsound/)</documentation>
      </metadata>
      <netcdf xmlns="http://www.unidata.ucar.edu/namespaces/netcdf/ncml-2.2"
        location="/usgs/data0/bathy/psdem_2005_geo.grd">
        <variable name="topo">
          <attribute name="units" value="meters"/>
          <attribute name="long_name" value="Topography"/>
        </variable>
        <variable name="lon">
          <attribute name="units" value="degrees_east"/>
          <attribute name="long_name" value="Longitude"/>
        </variable>
        <variable name="lat">
          <attribute name="units" value="degrees_north"/>
          <attribute name="long_name" value="Latitude"/>
        </variable>
      </netcdf>
    </dataset>
    <dataset name="USACE LIDAR Bare Earth Box 061" ID="bathy/lidar/bare/ma_box061"
      urlPath="bathy/lidar/bare/ma_box061">
      <netcdf xmlns="http://www.unidata.ucar.edu/namespaces/netcdf/ncml-2.2"
        location="/usgs/data0/bathy/bare_061_geo.grd">
        <variable name="topo" orgName="z">
          <attribute name="units" value="meters"/>
          <attribute name="long_name" value="Topography"/>
        </variable>
        <attribute name="Conventions" value="COARDS"/>
      </netcdf>
    </dataset>
    <dataset name="USACE LIDAR skagit" ID="bathy/lidar/skagit" urlPath="bathy/lidar/skagit">
      <netcdf xmlns="http://www.unidata.ucar.edu/namespaces/netcdf/ncml-2.2"
        location="/usgs/data0/bathy/skagit_lidar_msl.grd">
        <variable name="topo" orgName="z">
          <attribute name="units" value="meters"/>
          <attribute name="horizontal_datum" value="WGS84"/>
          <attribute name="vertical_datum" value="MSL"/>
          <attribute name="long_name" value="Topography"/>
        </variable>
        <attribute name="Conventions" value="COARDS"/>
      </netcdf>
    </dataset>
  </dataset>
</catalog>
