<?xml version="1.0" encoding="UTF-8"?>
<catalog name="USGS SedTrans THREDDS Server"
        xmlns="http://www.unidata.ucar.edu/namespaces/thredds/InvCatalog/v1.0"
        xmlns:xlink="http://www.w3.org/1999/xlink">

    <catalogRef xlink:title="Bathymetry" xlink:href="bathy_catalog.xml" name=""/>
    <catalogRef xlink:title="COAWST" xlink:href="COAWST_catalog.xml" name=""/>
    <catalogRef xlink:title="NCEP WW3 Multi 4 and 10 min res" xlink:href="multi_catalog_all.xml" name=""/>
    <catalogRef xlink:title="PV model runs" xlink:href="pv_catalog.xml" name=""/>
    <catalogRef xlink:title="Buzzards Bay model runs" xlink:href="buzzards_catalog.xml" name=""/>
    <catalogRef xlink:title="MVCO model runs" xlink:href="mvco_catalog.xml" name=""/>
    <catalogRef xlink:title="New York Bight Models" xlink:href="new_york_bight.xml" name=""/>
    <catalogRef xlink:title="Teignmouth Models" xlink:href="teign_catalog.xml" name=""/>
    <catalogRef xlink:title="FVCOM GOM2 Model Archive" xlink:href="fvcom_catalog.xml" name=""/>
    <catalogRef xlink:title="UCLA SCB" xlink:href="scb_catalog.xml" name=""/>
  
  
</catalog>
