<?xml version="1.0" encoding="UTF-8"?>
<catalog xmlns="http://www.unidata.ucar.edu/namespaces/thredds/InvCatalog/v1.0"
  xmlns:xlink="http://www.w3.org/1999/xlink"
  name="THREDDS catalog for all USGS NetCDF files" version="1.0.1">
  <service name="allServices" serviceType="Compound" base="">
    <service name="ncdods" serviceType="OpenDAP" base="/thredds/dodsC/"/>
    <service name="HTTPServer" serviceType="HTTPServer" base="/thredds/fileServer/"/>
  </service> 
  
 <datasetScan name="USGS NetCDF files" ID="usgs" path="usgs"
    location="/usgs/data0">
   <metadata inherited="true">
     <serviceName>allServices</serviceName>
    </metadata>
    <filter>
      <include wildcard="*.nc"/>  
      <include wildcard="*.cdf"/>
      <include wildcard="*.grib"/>
      <include wildcard="*.grib2"/>
      <include wildcard="*_00_00"/>
    </filter>
    <sort>
      <lexigraphicByName increasing="true"/>
    </sort>
    <addDatasetSize/>
  </datasetScan>

</catalog>
