<?xml version="1.0" encoding="UTF-8"?>
<catalog name="THREDDS Server Default Catalog : You must change this to fit your server!"
        xmlns="http://www.unidata.ucar.edu/namespaces/thredds/InvCatalog/v1.0"
        xmlns:xlink="http://www.w3.org/1999/xlink">

  <service name="thisDODS" serviceType="OpenDAP" base="/thredds/dodsC/" />

  <datasetRoot path="odac/model/" location="/net/nfs/porter/raid1/odac/model/"/>

  <datasetScan name="mm5/analysis" ID="mm5/analysis" path="mm5/analysis" location="/net/nfs/porter/raid1/odac/model/mm5/analysis">
    <metadata inherited="true">
      <serviceName>thisDODS</serviceName>
    </metadata>
    <filter>
      <include wildcard="*.grib"/>
    </filter>
  </datasetScan>

  <datasetScan name="wrf/analysis" ID="wrf/analysis" path="wrf/analysis" location="/net/nfs/porter/raid1/odac/model/wrf/analysis">
    <metadata inherited="true">
      <serviceName>thisDODS</serviceName>
    </metadata>
    <filter>
      <include wildcard="*.grib"/>
    </filter>
  </datasetScan>

  <datasetScan name="wrf/48hr_forecast" ID="wrf/48hr_forecast" path="wrf/48hr_forecast" location="/net/nfs/porter/raid1/odac/model/wrf/48hr_forecast">
    <metadata inherited="true">
      <serviceName>thisDODS</serviceName>
    </metadata>
    <filter>
      <include wildcard="*.grib"/>
    </filter>
  </datasetScan>

  <datasetScan name="pWBM_9km" ID="pWBM_9km" path="pWBM_9km" location="/net/nfs/ipswich/raid/jcoot/pWBM_9km/netcdf">
    <metadata inherited="true">
      <serviceName>thisDODS</serviceName>
    </metadata>
    <filter>
      <include wildcard="*.nc"/>
    </filter>
    <sort>
      <lexigraphicByName increasing="false" />
    </sort>
  </datasetScan>

  <catalogRef xlink:href="wbm_catalog.xml" xlink:title="UNH Water Balance Models" name=""/> 

</catalog>
