<?xml version="1.0" encoding="UTF-8"?>
<catalog xmlns="http://www.unidata.ucar.edu/namespaces/thredds/InvCatalog/v1.0" xmlns:xlink="http://www.w3.org/1999/xlink" name="THREDDS Top Catalog, points to other THREDDS catalogs" version="1.0.1">
  <dataset name="List of THREDDS catalogs">
    <dataset name="Fleet Numerical Meteorology">
      <catalogRef xlink:href="http://usgodae1.usgodae.org/catalog.xml" xlink:title="Fleet Numerical Meteorology and Oceanography Center server 1" name="" />
      <catalogRef xlink:href="http://usgodae2.usgodae.org/catalog.xml" xlink:title="Fleet Numerical Meteorology and Oceanography Center server 2" name="" />
      <catalogRef xlink:href="http://usgodae1.usgodae.org/argo_catalog.xml" xlink:title="Fleet Numerical Meteorology and Oceanography Center ARGO server 1" name="" />
      <catalogRef xlink:href="http://usgodae2.usgodae.org/argo_catalog.xml" xlink:title="Fleet Numerical Meteorology and Oceanography Center ARGO server 2" name="" />
    </dataset>
    <catalogRef xlink:href="http://iridl.ldeo.columbia.edu/SOURCES/thredds.xml" xlink:title="IRI/LDEO Climate Data Library" name="" />
    <catalogRef xlink:href="http://dataportal.ucar.edu/metadata/ucar.thredds" xlink:title="NCAR Data Portal" name="" />
    <dataset name="NOAA/NCDC NOMADS">
      <catalogRef xlink:href="http://nomads.ncdc.noaa.gov:9090/dods/thredds" xlink:title="NCDC NOMADS Data Server" name="" />
      <catalogRef xlink:href="http://nomads.ncdc.noaa.gov:9091/dods/thredds" xlink:title="NCDC NOMADS Data Server 2" name="" />
    </dataset>

    <catalogRef xlink:href="http://oceanwatch.pfeg.noaa.gov/thredds/catalog.xml" xlink:title="Ocean Watch SWFSC/Environmental Research Division)" name="" />
    <catalogRef xlink:href="http://dodsdev.gso.uri.edu:8080/thredds/catalog.xml" xlink:title="Satellite-Derived Oceanographic Data Sets" name="" />

    <catalogRef xlink:href="http://pond.itsc.uah.edu/catalog/thredds/pond_cat.xml" xlink:title="University of Alabama Huntsville POND server" name="" />
    <catalogRef xlink:href="http://motherlode.ucar.edu:8080/thredds/catalog.xml" xlink:title="Unidata THREDDS/IDD Server (motherlode)" name="" />
    <dataset name="Unidata LEAD catalogs">
      <catalogRef xlink:href="http://lead.unidata.ucar.edu:8080/thredds/catalog.html" xlink:title="IDD Data" name="" />
      <catalogRef xlink:href="http://lead.unidata.ucar.edu:8080/thredds/topcatalog.html" xlink:title="LEAD Data" name="" />
    </dataset>
  </dataset>
</catalog>

