<?xml version="1.0" encoding="UTF-8"?>
<catalog xmlns="http://www.unidata.ucar.edu/namespaces/thredds/InvCatalog/v1.0"
  xmlns:xlink="http://www.w3.org/1999/xlink"
  name="UNH/JCOOT Water Balance Models" version="1.0.2">
 
  <service name="allServices" base="" serviceType="compound">
    <service name="dapService" serviceType="OpenDAP" base="/thredds/dodsC/"/>
  </service>

  <dataset name="UNH Water Balance Model" ID="wbm" urlPath="wbm">
    <metadata inherited="true">
      <serviceName>allServices</serviceName>
    </metadata>
    <netcdf xmlns="http://www.unidata.ucar.edu/namespaces/netcdf/ncml-2.2">
      <aggregation dimName="time" type="joinNew" recheckEvery="5 min">
        <variableAgg name="Discharge"/>
        <variableAgg name="Runoff"/>
        <scan location="/net/nfs/ipswich/raid/jcoot/pWBM_9km/netcdf/" dateFormatMark="wbm.#yyyy.MM.dd"
          regExp=".*wbm\.[0-9]{4}\.[0-9]{2}\.[0-9]{2}\.nc$" subdirs="false"/>
        <variable name="Discharge">
          <attribute name="coordinates" value="Longitude Latitude"/>
        </variable>
        <variable name="Runoff">
          <attribute name="coordinates" value="Longitude Latitude"/>
        </variable>
      </aggregation>
    </netcdf>
  </dataset>
</catalog>
