<catalog xmlns="http://www.unidata.ucar.edu/namespaces/thredds/InvCatalog/v1.0"
    xmlns:xlink="http://www.w3.org/1999/xlink" name="OPeNDAP Data Server" version="1.0.1">

    <service name="ncdods" serviceType="OpenDAP" base="/thredds/dodsC/"/>
    <dataset name="Carolinas Coastal Change Project" ID="carolinas">
        <metadata inherited="true">
            <serviceName>gridServices</serviceName>
            <authority>gov.usgs.er.whsc</authority>
            <dataType>Grid</dataType>
            <dataFormat>NetCDF</dataFormat>
            <creator>
                <name vocabulary="DIF">OM/WHSC/USGS</name>
                <contact url="http://www.usgs.gov/" email="jcwarner@usgs.gov"/>
            </creator>
            <publisher>
                <name vocabulary="DIF">OM/WHSC/USGS</name>
                <contact url="http://www.usgs.gov/" email="jcwarner@usgs.gov"/>
            </publisher>

            <documentation xlink:href="http://stellwagen.er.usgs.gov/rps/pubs/2004_oceanography.pdf"
                xlink:title="Carolinas Coastal Change Program"/>
        </metadata>

        <dataset name="Isabel" ID="carolinas/Isabel">
            <dataset name="Isabel SWAN runs" ID="carolinas/Isabel/SWAN">
                <dataset name="Run 13" ID="carolinas/Isabel/SWAN/run13"
                    urlPath="carolinas/Isabel/SWAN/run13">
                    <documentation type="summary">Run 13 has some funny flags turned on, use run 114</documentation>
                    <serviceName>ncdods</serviceName>
                    <netcdf xmlns="http://www.unidata.ucar.edu/namespaces/netcdf/ncml-2.2">
                        <aggregation type="union">
                            <!--Too bad scan doesn't work yet for type="union".  If it did, we could just do:
                                <scan location="/Volumes/models/carolinas/Isabel/SWAN/run13/" suffix=".nc"/>-->
                            <netcdf location="/Volumes/models/carolinas/Isabel/SWAN/run13/xp.nc"/>
                            <netcdf location="/Volumes/models/carolinas/Isabel/SWAN/run13/yp.nc"/>
                            <netcdf location="/Volumes/models/carolinas/Isabel/SWAN/run13/depth.nc"/>
                            <netcdf location="/Volumes/models/carolinas/Isabel/SWAN/run13/dissip.nc"/>
                            <netcdf location="/Volumes/models/carolinas/Isabel/SWAN/run13/force.nc"/>
                            <netcdf location="/Volumes/models/carolinas/Isabel/SWAN/run13/hsig.nc"/>
                            <netcdf location="/Volumes/models/carolinas/Isabel/SWAN/run13/qb.nc"/>
                            <netcdf location="/Volumes/models/carolinas/Isabel/SWAN/run13/rtp.nc"/>
                            <netcdf location="/Volumes/models/carolinas/Isabel/SWAN/run13/setup.nc"/>
                            <netcdf location="/Volumes/models/carolinas/Isabel/SWAN/run13/tmbot.nc"/>
                            <netcdf location="/Volumes/models/carolinas/Isabel/SWAN/run13/ubot.nc"/>
                            <netcdf location="/Volumes/models/carolinas/Isabel/SWAN/run13/wdir.nc"/>
                            <netcdf location="/Volumes/models/carolinas/Isabel/SWAN/run13/wind.nc"/>
                            <netcdf location="/Volumes/models/carolinas/Isabel/SWAN/run13/wlen.nc"/>
                        </aggregation>
                        <variable name="Hwave">
                            <attribute name="coordinates" value="xp yp"/>
                        </variable>
                        <variable name="wave_time">
                            <attribute name="units" value="days since 1968-5-23 00:00 UTC"/>
                        </variable>
                        <variable name="xp">
                            <attribute name="units" value="degrees_east"/>
                        </variable>
                        <variable name="yp">
                            <attribute name="units" value="degrees_north"/>
                        </variable>
                        <attribute name="Conventions" type="String" value="CF-1.0"/>
                    </netcdf>
                </dataset>
                <dataset name="Run 16" ID="carolinas/Isabel/SWAN/run16"
                    urlPath="carolinas/Isabel/SWAN/run16">
                    <documentation type="summary">Run 16 is an old run, use run 114.</documentation>
                    <serviceName>ncdods</serviceName>
                    <netcdf xmlns="http://www.unidata.ucar.edu/namespaces/netcdf/ncml-2.2">
                        <aggregation type="union">
                            <!--Too bad scan doesn't work yet for type="union".  If it did, we could just do:
                                <scan location="/Volumes/models/carolinas/Isabel/SWAN/run13/" suffix=".nc"/>-->
                            <netcdf location="/Volumes/models/carolinas/Isabel/SWAN/run16/xp.nc"/>
                            <netcdf location="/Volumes/models/carolinas/Isabel/SWAN/run16/yp.nc"/>
                            <netcdf location="/Volumes/models/carolinas/Isabel/SWAN/run16/depth.nc"/>
                            <netcdf location="/Volumes/models/carolinas/Isabel/SWAN/run16/dissip.nc"/>
                            <netcdf location="/Volumes/models/carolinas/Isabel/SWAN/run16/force.nc"/>
                            <netcdf location="/Volumes/models/carolinas/Isabel/SWAN/run16/hsig.nc"/>
                            <netcdf location="/Volumes/models/carolinas/Isabel/SWAN/run16/qb.nc"/>
                            <netcdf location="/Volumes/models/carolinas/Isabel/SWAN/run16/rtp.nc"/>
                            <netcdf location="/Volumes/models/carolinas/Isabel/SWAN/run16/setup.nc"/>
                            <netcdf location="/Volumes/models/carolinas/Isabel/SWAN/run16/tmbot.nc"/>
                            <netcdf location="/Volumes/models/carolinas/Isabel/SWAN/run16/ubot.nc"/>
                            <netcdf location="/Volumes/models/carolinas/Isabel/SWAN/run16/wdir.nc"/>
                            <netcdf location="/Volumes/models/carolinas/Isabel/SWAN/run16/wind.nc"/>
                            <netcdf location="/Volumes/models/carolinas/Isabel/SWAN/run16/wlen.nc"/>
                        </aggregation>
                        <variable name="Hwave">
                            <attribute name="coordinates" value="xp yp"/>
                        </variable>
                        <variable name="wave_time">
                            <attribute name="units" value="days since 1968-5-23 00:00 UTC"/>
                        </variable>
                        <variable name="xp">
                            <attribute name="units" value="degrees_east"/>
                        </variable>
                        <variable name="yp">
                            <attribute name="units" value="degrees_north"/>
                        </variable>
                        <attribute name="Conventions" type="String" value="CF-1.0"/>
                    </netcdf>
                </dataset>
                <dataset name="run114" ID="carolinas/Isabel/SWAN/run114"
                    urlPath="carolinas/Isabel/SWAN/run114">
                    <documentation type="summary">run114 has output for two grids, the entire US east coast and the Outerbanks of NC</documentation>
                    <serviceName>ncdods</serviceName>
                    <netcdf xmlns="http://www.unidata.ucar.edu/namespaces/netcdf/ncml-2.2">
                        <aggregation type="union">
                            <!--Too bad scan doesn not work yet for type="union".  If it did, we could just do:
                                <scan location="/Volumes/models/carolinas/Isabel/SWAN/run114/" suffix=".nc"/>-->
                            <netcdf location="/Volumes/models/carolinas/Isabel/SWAN/run114/isabel_outbnks_his_0001.nc"/>
                            <netcdf location="/Volumes/models/carolinas/Isabel/SWAN/run114/isabel_outbnks_his_0002.nc"/>
                            <netcdf location="/Volumes/models/carolinas/Isabel/SWAN/run114/isabel_outbnks_his_0003.nc"/>
                            <netcdf location="/Volumes/models/carolinas/Isabel/SWAN/run114/isabel_outbnks_his_0004.nc"/>
                            <netcdf location="/Volumes/models/carolinas/Isabel/SWAN/run114/isabel_outbnks_his_0005.nc"/>
                            <netcdf location="/Volumes/models/carolinas/Isabel/SWAN/run114/isabel_outbnks_his_0006.nc"/>
                            <netcdf location="/Volumes/models/carolinas/Isabel/SWAN/run114/isabel_outbnks_his_0007.nc"/>
                            <netcdf location="/Volumes/models/carolinas/Isabel/SWAN/run114/isabel_outbnks_his_0008.nc"/>
                            <netcdf location="/Volumes/models/carolinas/Isabel/SWAN/run114/isabel_outbnks_his_0009.nc"/>
                            <netcdf location="/Volumes/models/carolinas/Isabel/SWAN/run114/isabel_outbnks_his_0010.nc"/>
                            <netcdf location="/Volumes/models/carolinas/Isabel/SWAN/run114/isabel_outbnks_his_0011.nc"/>
                            <netcdf location="/Volumes/models/carolinas/Isabel/SWAN/run114/isabel_outbnks_his_0012.nc"/>
                            <netcdf location="/Volumes/models/carolinas/Isabel/SWAN/run114/isabel_outbnks_his_0013.nc"/>
                            <netcdf location="/Volumes/models/carolinas/Isabel/SWAN/run114/isabel_outbnks_his_0014.nc"/>
                            <netcdf location="/Volumes/models/carolinas/Isabel/SWAN/run114/isabel_outbnks_his_0015.nc"/>
                            <netcdf location="/Volumes/models/carolinas/Isabel/SWAN/run114/isabel_outbnks_his_0016.nc"/>
                            <netcdf location="/Volumes/models/carolinas/Isabel/SWAN/run114/isabel_outbnks_his_0017.nc"/>
                            <netcdf location="/Volumes/models/carolinas/Isabel/SWAN/run114/isabel_outbnks_his_0018.nc"/>
                            <netcdf location="/Volumes/models/carolinas/Isabel/SWAN/run114/isabel_outbnks_his_0019.nc"/>
                            <netcdf location="/Volumes/models/carolinas/Isabel/SWAN/run114/isabel_outbnks_his_0020.nc"/>
                            <netcdf location="/Volumes/models/carolinas/Isabel/SWAN/run114/isabel_outbnks_his_0021.nc"/>
                            <netcdf location="/Volumes/models/carolinas/Isabel/SWAN/run114/isabel_outbnks_his_0022.nc"/>
                            <netcdf location="/Volumes/models/carolinas/Isabel/SWAN/run114/isabel_outbnks_his_0023.nc"/>
                            <netcdf location="/Volumes/models/carolinas/Isabel/SWAN/run114/isabel_outbnks_his_0024.nc"/>
                            <netcdf location="/Volumes/models/carolinas/Isabel/SWAN/run114/isabel_outbnks_his_0025.nc"/>
                            <netcdf location="/Volumes/models/carolinas/Isabel/SWAN/run114/isabel_outbnks_his_0026.nc"/>
                            <netcdf location="/Volumes/models/carolinas/Isabel/SWAN/run114/isabel_outbnks_his_0027.nc"/>
                            <netcdf location="/Volumes/models/carolinas/Isabel/SWAN/run114/isabel_outbnks_his_0028.nc"/>
                            <netcdf location="/Volumes/models/carolinas/Isabel/SWAN/run114/isabel_outbnks_his_0029.nc"/>
                            <netcdf location="/Volumes/models/carolinas/Isabel/SWAN/run114/isabel_outbnks_his_0030.nc"/>
                            <netcdf location="/Volumes/models/carolinas/Isabel/SWAN/run114/isabel_outbnks_his_0031.nc"/>
                            <netcdf location="/Volumes/models/carolinas/Isabel/SWAN/run114/isabel_outbnks_his_0032.nc"/>
                            <netcdf location="/Volumes/models/carolinas/Isabel/SWAN/run114/isabel_outbnks_his_0033.nc"/>
                            <netcdf location="/Volumes/models/carolinas/Isabel/SWAN/run114/isabel_outbnks_his_0034.nc"/>
                            <netcdf location="/Volumes/models/carolinas/Isabel/SWAN/run114/isabel_outbnks_his_0035.nc"/>
                            <netcdf location="/Volumes/models/carolinas/Isabel/SWAN/run114/isabel_outbnks_his_0036.nc"/>
                        </aggregation>
                        <aggregation type="union">
                            <netcdf location="/Volumes/models/carolinas/Isabel/SWAN/run114/isabel_useast_his_0001.nc"/>
                            <netcdf location="/Volumes/models/carolinas/Isabel/SWAN/run114/isabel_useast_his_0002.nc"/>
                            <netcdf location="/Volumes/models/carolinas/Isabel/SWAN/run114/isabel_useast_his_0003.nc"/>
                            <netcdf location="/Volumes/models/carolinas/Isabel/SWAN/run114/isabel_useast_his_0004.nc"/>
                            <netcdf location="/Volumes/models/carolinas/Isabel/SWAN/run114/isabel_useast_his_0005.nc"/>
                            <netcdf location="/Volumes/models/carolinas/Isabel/SWAN/run114/isabel_useast_his_0006.nc"/>
                            <netcdf location="/Volumes/models/carolinas/Isabel/SWAN/run114/isabel_useast_his_0007.nc"/>
                            <netcdf location="/Volumes/models/carolinas/Isabel/SWAN/run114/isabel_useast_his_0008.nc"/>
                            <netcdf location="/Volumes/models/carolinas/Isabel/SWAN/run114/isabel_useast_his_0009.nc"/>
                            <netcdf location="/Volumes/models/carolinas/Isabel/SWAN/run114/isabel_useast_his_0010.nc"/>
                            <netcdf location="/Volumes/models/carolinas/Isabel/SWAN/run114/isabel_useast_his_0011.nc"/>
                            <netcdf location="/Volumes/models/carolinas/Isabel/SWAN/run114/isabel_useast_his_0012.nc"/>
                            <netcdf location="/Volumes/models/carolinas/Isabel/SWAN/run114/isabel_useast_his_0013.nc"/>
                            <netcdf location="/Volumes/models/carolinas/Isabel/SWAN/run114/isabel_useast_his_0014.nc"/>
                            <netcdf location="/Volumes/models/carolinas/Isabel/SWAN/run114/isabel_useast_his_0015.nc"/>
                            <netcdf location="/Volumes/models/carolinas/Isabel/SWAN/run114/isabel_useast_his_0016.nc"/>
                            <netcdf location="/Volumes/models/carolinas/Isabel/SWAN/run114/isabel_useast_his_0017.nc"/>
                            <netcdf location="/Volumes/models/carolinas/Isabel/SWAN/run114/isabel_useast_his_0018.nc"/>
                            <netcdf location="/Volumes/models/carolinas/Isabel/SWAN/run114/isabel_useast_his_0019.nc"/>
                            <netcdf location="/Volumes/models/carolinas/Isabel/SWAN/run114/isabel_useast_his_0020.nc"/>
                            <netcdf location="/Volumes/models/carolinas/Isabel/SWAN/run114/isabel_useast_his_0021.nc"/>
                            <netcdf location="/Volumes/models/carolinas/Isabel/SWAN/run114/isabel_useast_his_0022.nc"/>
                            <netcdf location="/Volumes/models/carolinas/Isabel/SWAN/run114/isabel_useast_his_0023.nc"/>
                            <netcdf location="/Volumes/models/carolinas/Isabel/SWAN/run114/isabel_useast_his_0024.nc"/>
                            <netcdf location="/Volumes/models/carolinas/Isabel/SWAN/run114/isabel_useast_his_0025.nc"/>
                            <netcdf location="/Volumes/models/carolinas/Isabel/SWAN/run114/isabel_useast_his_0026.nc"/>
                            <netcdf location="/Volumes/models/carolinas/Isabel/SWAN/run114/isabel_useast_his_0027.nc"/>
                            <netcdf location="/Volumes/models/carolinas/Isabel/SWAN/run114/isabel_useast_his_0028.nc"/>
                            <netcdf location="/Volumes/models/carolinas/Isabel/SWAN/run114/isabel_useast_his_0029.nc"/>
                            <netcdf location="/Volumes/models/carolinas/Isabel/SWAN/run114/isabel_useast_his_0030.nc"/>
                            <netcdf location="/Volumes/models/carolinas/Isabel/SWAN/run114/isabel_useast_his_0031.nc"/>
                            <netcdf location="/Volumes/models/carolinas/Isabel/SWAN/run114/isabel_useast_his_0032.nc"/>
                            <netcdf location="/Volumes/models/carolinas/Isabel/SWAN/run114/isabel_useast_his_0033.nc"/>
                            <netcdf location="/Volumes/models/carolinas/Isabel/SWAN/run114/isabel_useast_his_0034.nc"/>
                            <netcdf location="/Volumes/models/carolinas/Isabel/SWAN/run114/isabel_useast_his_0035.nc"/>
                            <netcdf location="/Volumes/models/carolinas/Isabel/SWAN/run114/isabel_useast_his_0036.nc"/>
                        </aggregation>
                        <variable name="s_rho">
                            <attribute name="long_name" value="S-coordinate at RHO-points"/>
                        </variable>
                        <variable name="s_w">
                            <attribute name="long_name" value="S-coordinate at W-points"/>
                        </variable>
                        <variable name="lon_rho">
                            <attribute name="units" value="degree_east"/>
                        </variable>
                        <variable name="lat_rho">
                            <attribute name="units" value="degree_north"/>
                        </variable>
                        <variable name="lon_u">
                            <attribute name="units" value="degree_east"/>
                        </variable>
                        <variable name="lat_u">
                            <attribute name="units" value="degree_north"/>
                        </variable>
                        <variable name="lon_v">
                            <attribute name="units" value="degree_east"/>
                        </variable>
                        <variable name="lat_v">
                            <attribute name="units" value="degree_north"/>
                        </variable>
                        <variable name="angle">
                            <attribute name="coordinates" value="lon_rho lat_rho"/>
                            <attribute name="units" value="radians"/>
                            <attribute name="long_name" value="angle between XI-axis and EAST"/>
                        </variable>
                        <variable name="mask_rho">
                            <attribute name="coordinates" value="lon_rho lat_rho"/>
                            <attribute name="option_1" value="water"/>
                            <attribute name="option_0" value="land"/>
                        </variable>
                        <variable name="mask_u">
                            <attribute name="coordinates" value="lon_u lat_u"/>
                            <attribute name="option_1" value="water"/>
                            <attribute name="option_0" value="land"/>
                        </variable>
                        <variable name="mask_v">
                            <attribute name="coordinates" value="lon_v lat_v"/>
                            <attribute name="option_1" value="water"/>
                            <attribute name="option_0" value="land"/>
                        </variable>
                        <variable name="zeta">
                            <attribute name="coordinates" value="lon_rho lat_rho ocean_time"/>
                            <attribute name="units" value="meter"/>
                        </variable>
                        <variable name="ubar">
                            <attribute name="coordinates" value="lon_u lat_u ocean_time"/>
                            <attribute name="units" value="meter second-1"/>
                        </variable>
                        <variable name="vbar">
                            <attribute name="coordinates" value="lon_v lat_v ocean_time"/>
                            <attribute name="units" value="meter second-1"/>
                        </variable>
                        <variable name="u">
                            <attribute name="coordinates" value="lon_u lat_u ocean_time"/>
                            <attribute name="units" value="meter second-1"/>
                        </variable>
                        <variable name="v">
                            <attribute name="coordinates" value="lon_v lat_v ocean_time"/>
                            <attribute name="units" value="meter second-1"/>
                        </variable>
                        <variable name="sustr">
                            <attribute name="long_name" value="surface u-momentum stress"/>
                            <attribute name="coordinates" value="lon_u lat_u ocean_time"/>
                            <attribute name="units" value="meter second-1"/>
                        </variable>
                        <variable name="svstr">
                            <attribute name="long_name" value="surface v-momentum stress"/>
                            <attribute name="coordinates" value="lon_v lat_v ocean_time"/>
                            <attribute name="units" value="meter second-1"/>
                        </variable>
                        <variable name="bustr">
                            <attribute name="long_name" value="bottom u-momentum stress"/>
                            <attribute name="coordinates" value="lon_u lat_u ocean_time"/>
                            <attribute name="units" value="meter second-1"/>
                        </variable>
                        <variable name="bvstr">
                            <attribute name="long_name" value="bottom v-momentum stress"/>
                            <attribute name="coordinates" value="lon_v lat_v ocean_time"/>
                            <attribute name="units" value="meter second-1"/>
                        </variable>
                        <variable name="w">
                            <attribute name="coordinates" value="lon_rho lat_rho s_w ocean_time"/>
                            <attribute name="units" value="meter second-1"/>
                        </variable>
                        <variable name="temp">
                            <attribute name="coordinates" value="lon_rho lat_rho s_rho ocean_time"/>
                            <attribute name="units" value="Celsius"/>
                        </variable>
                        <variable name="salt">
                            <attribute name="coordinates" value="lon_rho lat_rho s_rho ocean_time"/>
                        </variable>
                        <variable name="Hwave">
                            <attribute name="coordinates" value="lon_rho lat_rho ocean_time"/>
                            <attribute name="units" value="meter"/>
                        </variable>
                        <variable name="Lwave">
                            <attribute name="coordinates" value="lon_rho lat_rho ocean_time"/>
                            <attribute name="units" value="meter"/>
                        </variable>
                        <variable name="Dwave">
                            <attribute name="coordinates" value="lon_rho lat_rho ocean_time"/>
                            <attribute name="units" value="meter"/>
                        </variable>
                        <attribute name="Conventions" type="String" value="CF-1.0"/>
                    </netcdf>
                </dataset>
            </dataset>
        </dataset>
    </dataset>
</catalog>
