<?xml version="1.0" encoding="UTF-8"?>
<catalog xmlns="http://www.unidata.ucar.edu/namespaces/thredds/InvCatalog/v1.0"
  xmlns:xlink="http://www.w3.org/1999/xlink"
  name="THREDDS Top Catalog, points to other THREDDS catalogs" version="1.0.1">
  <dataset name="USGS Woods Hole Science Center THREDDS catalogs">
    <catalogRef xlink:href="adria_catalog.xml"
      xlink:title="Adriatic Sea Project" name=""/>
    <catalogRef xlink:href="bathy_catalog.xml"
      xlink:title="Bathymetry" name=""/>
    <catalogRef xlink:href="carolinas_catalog.xml"
      xlink:title="Carolina Coastal Change Project" name=""/>
    <catalogRef xlink:href="gom_interop_catalog.xml"
      xlink:title="Gulf of Maine Interoperability Demo" name=""/>
    <catalogRef xlink:href="mass_bay_catalog.xml"
      xlink:title="Massachusetts Bay Project" name=""/>
      <catalogRef xlink:href="roms_catalog.xml"
      xlink:title="ROMS Forecast Models Catalog" name=""/>
       <catalogRef xlink:href="vineyard_sound_catalog.xml"
      xlink:title="Vineyard Sound/Middle Ground Project" name=""/>
    <catalogRef xlink:href="wake_catalog.xml"
      xlink:title="Island Wake Simulations" name=""/>


  </dataset>
</catalog>
