<?xml version="1.0" encoding="UTF-8"?>
<catalog name="IOOS Regional Models"
  xmlns="http://www.unidata.ucar.edu/namespaces/thredds/InvCatalog/v1.0"
  xmlns:xlink="http://www.w3.org/1999/xlink">

  <service name="curvilinear_services" serviceType="Compound" base="">
    <service name="ncdods" serviceType="OPENDAP" base="/thredds/dodsC/"/>
  </service>

  <dataset name="UMAINE:GomPOM">
    <datasetFmrc name="FMRC test" path="gomoos/fmrc" serviceName="curvilinear_services">
      <netcdf xmlns="http://www.unidata.ucar.edu/namespaces/netcdf/ncml-2.2" enhance="true">
        
        <variable name="runtime" type="String" shape="run">
          <values> "2009-02-22T00:00:00Z" "2009-02-23T00:00:00Z" </values>
          <attribute name="standard_name" value="forecast_reference_time"/>
        </variable>
        
        <aggregation dimName="run" type="forecastModelRunCollection">
          <netcdf
            location="http://rocky.umeoce.maine.edu/gomoos_data/rtofs/200902/gomoos.2009022.cdf"/>
          <netcdf
            location="http://rocky.umeoce.maine.edu/gomoos_data/rtofs/200902/gomoos.2009023.cdf"/>
        </aggregation>

        <variable name="elev">
          <attribute name="coordinates" type="String" value="x y"/>
          <attribute name="_FillValue" type="short" value="16608"/>
        </variable>
        <variable name="depth">
          <attribute name="coordinates" type="String" value="x y"/>
        </variable>
        <variable name="temp">
          <attribute name="coordinates" type="String" value="x y zpos"/>
          <attribute name="_FillValue" type="short" value="-25184"/>
        </variable>
        <variable name="time"> 
          <attribute name="units" type="String" value="days since 2006-11-01 00:00 UTC" />
        </variable>
         <variable name="salt">
          <attribute name="coordinates" type="String" value="x y zpos"/>
          <attribute name="_FillValue" type="short" value="-26128"/>
          <attribute name="units" type="String" value="0.001"/>
        </variable>
        <variable name="zpos">
          <attribute name="standard_name" type="String" value="ocean_sigma_coordinate"/>
          <attribute name="formula_terms" type="String" value="sigma: zpos eta: elev depth: depth"/>
          <attribute name="positive" type="String" value="up"/>
          <attribute name="units" type="String" value="1"/>
          <attribute name="axis" type="String" value="Z"/>
          <values> 0 -0.002 -0.004 -0.008 -0.016 -0.024 -0.032 -0.04 -0.06 -0.08 -0.10 -0.12 -0.14
            -0.16 -0.18 -0.2 -0.3 -0.4 -0.5 -0.6 -0.8 -1.0 </values>
        </variable>
        <attribute name="Conventions" type="String" value="CF-1.0"/>
      </netcdf>
    </datasetFmrc>
  </dataset>
</catalog>
