<catalog xmlns="http://www.unidata.ucar.edu/namespaces/thredds/InvCatalog/v1.0"
         xmlns:xlink="http://www.w3.org/1999/xlink"
         name="OPeNDAP Data Server" version="1.0.1">

  <service name="gridServices" serviceType="Compound" base="">
    <service name="opendap" serviceType="OpenDAP" base="/thredds/dodsC/"/>
    <service name="fileserver" serviceType="HTTPServer" base="/thredds/fileServer/"/>
  </service>

<dataset name="Mass Bay Model Runs" ID="mass_bay">
  <metadata inherited="true">
    <serviceName>gridServices</serviceName>
    <authority>gov.usgs.er.whsc</authority>
    <dataType>Grid</dataType>
    <dataFormat>NetCDF</dataFormat>
    <creator>
      <name vocabulary="DIF">OM/WHSC/USGS</name>
      <contact url="http://www.usgs.gov/"
        email="jcwarner@usgs.gov" />
    </creator>
    <publisher>
      <name vocabulary="DIF">OM/WHSC/USGS</name>
      <contact url="http://www.usgs.gov/"
        email="jcwarner@usgs.gov" />
    </publisher>
    <geospatialCoverage zpositive="down">
      <northsouth>
        <start>41.5</start>
        <size>1.0</size>
        <units>degrees_north</units>
      </northsouth>
      <eastwest>
        <start>-71.0</start>
        <size>1.0</size>
        <units>degrees_east</units>
      </eastwest>
      <updown>
        <start>0</start>
        <size>250</size>
        <units>meters</units>
      </updown>
    </geospatialCoverage>
    <documentation xlink:href="http://woodshole.er.usgs.gov/project-pages/bostonharbor" 
      xlink:title="Massachusetts Bay"/>
  </metadata>
<dataset name="sim 29 Wind vary" ID="mass_bay/sim29" urlPath="mass_bay/sim29">
  <serviceName>gridServices</serviceName>
  <netcdf xmlns="http://www.unidata.ucar.edu/namespaces/netcdf/ncml-2.2">
    <aggregation dimName="ocean_time" type="joinExisting">
      <scan location="/Volumes/models/mas_bay/sim29" suffix=".nc"/>
    </aggregation>
  </netcdf>
</dataset>
</dataset>

</catalog>
