<catalog xmlns="http://www.unidata.ucar.edu/namespaces/thredds/InvCatalog/v1.0"
  xmlns:xlink="http://www.w3.org/1999/xlink" name="OPeNDAP Data Server" version="1.0.1">

  <service name="Compound" serviceType="Compound" base="">
    <service name="ncdods" serviceType="OPENDAP" base="/thredds/dodsC/"/>
    <service name="wcs" serviceType="WCS" base="/thredds/wcs/"/>
    <service name="ncss" serviceType="NetcdfSubset" base="/thredds/ncss/grid/"/>
  </service>

  <dataset name="NCOM Test" ID="ncom/test" urlPath="ncom/test">
    <serviceName>Compound</serviceName>
    <netcdf xmlns="http://www.unidata.ucar.edu/namespaces/netcdf/ncml-2.2">
      <aggregation dimName="time" type="joinExisting">
        <netcdf location="http://edac-dap.northerngulfinstitute.org/dods-bin/nph-dods/NCOM/region1/ncom_glb_reg1_2008070500.nc" coordValue="    74592.00    74595.00    74598.00    74601.00    74604.00    74607.00    74610.00    74613.00" />
        <netcdf location="http://edac-dap.northerngulfinstitute.org/dods-bin/nph-dods/NCOM/region1/ncom_glb_reg1_2008070600.nc" coordValue="    74616.00    74619.00    74622.00    74625.00    74628.00    74631.00    74634.00    74637.00    74640.00    74643.00    74646.00    74649.00    74652.00    74655.00    74658.00    74661.00    74664.00    74667.00    74670.00    74673.00    74676.00    74679.00    74682.00    74685.00" />
        <netcdf location="http://edac-dap.northerngulfinstitute.org/dods-bin/nph-dods/NCOM/region1/ncom_glb_reg1_2008070900.nc" coordValue="    74688.00    74691.00    74694.00    74697.00    74700.00    74703.00    74706.00    74709.00" />
        <netcdf location="http://edac-dap.northerngulfinstitute.org/dods-bin/nph-dods/NCOM/region1/ncom_glb_reg1_2008071000.nc" coordValue="    74712.00    74715.00    74718.00    74721.00    74724.00    74727.00    74730.00    74733.00" />
        <netcdf location="http://edac-dap.northerngulfinstitute.org/dods-bin/nph-dods/NCOM/region1/ncom_glb_reg1_2008071100.nc" coordValue="    74736.00    74739.00    74742.00    74745.00    74748.00    74751.00    74754.00    74757.00" />
        <netcdf location="http://edac-dap.northerngulfinstitute.org/dods-bin/nph-dods/NCOM/region1/ncom_glb_reg1_2008071200.nc" coordValue="    74760.00    74763.00    74766.00    74769.00    74772.00    74775.00    74778.00    74781.00    74784.00    74787.00    74790.00    74793.00    74796.00    74799.00    74802.00    74805.00" />
        <netcdf location="http://edac-dap.northerngulfinstitute.org/dods-bin/nph-dods/NCOM/region1/ncom_glb_reg1_2008071400.nc" coordValue="    74808.00    74811.00    74814.00    74817.00    74820.00    74823.00    74826.00    74829.00" />
        <netcdf location="http://edac-dap.northerngulfinstitute.org/dods-bin/nph-dods/NCOM/region1/ncom_glb_reg1_2008071500.nc" coordValue="    74832.00    74835.00    74838.00    74841.00    74844.00    74847.00    74850.00    74853.00" />
        <netcdf location="http://edac-dap.northerngulfinstitute.org/dods-bin/nph-dods/NCOM/region1/ncom_glb_reg1_2008071600.nc" coordValue="    74856.00    74859.00    74862.00    74865.00    74868.00    74871.00    74874.00    74877.00    74880.00    74883.00    74886.00    74889.00    74892.00    74895.00    74898.00    74901.00" />
        <netcdf location="http://edac-dap.northerngulfinstitute.org/dods-bin/nph-dods/NCOM/region1/ncom_glb_reg1_2008071800.nc" coordValue="    74904.00    74907.00    74910.00    74913.00    74916.00    74919.00    74922.00    74925.00" />
        <netcdf location="http://edac-dap.northerngulfinstitute.org/dods-bin/nph-dods/NCOM/region1/ncom_glb_reg1_2008071900.nc" coordValue="    74928.00    74931.00    74934.00    74937.00    74940.00    74943.00    74946.00    74949.00" />
        <netcdf location="http://edac-dap.northerngulfinstitute.org/dods-bin/nph-dods/NCOM/region1/ncom_glb_reg1_2008072000.nc" coordValue="    74952.00    74955.00    74958.00    74961.00    74964.00    74967.00    74970.00    74973.00" />
        <netcdf location="http://edac-dap.northerngulfinstitute.org/dods-bin/nph-dods/NCOM/region1/ncom_glb_reg1_2008072100.nc" coordValue="    74976.00    74979.00    74982.00    74985.00    74988.00    74991.00    74994.00    74997.00" />
        <netcdf location="http://edac-dap.northerngulfinstitute.org/dods-bin/nph-dods/NCOM/region1/ncom_glb_reg1_2008072200.nc" coordValue="    75000.00    75003.00    75006.00    75009.00    75012.00    75015.00    75018.00    75021.00" />
        <netcdf location="http://edac-dap.northerngulfinstitute.org/dods-bin/nph-dods/NCOM/region1/ncom_glb_reg1_2008072300.nc" coordValue="    75024.00    75027.00    75030.00    75033.00    75036.00    75039.00    75042.00    75045.00" />
        <netcdf location="http://edac-dap.northerngulfinstitute.org/dods-bin/nph-dods/NCOM/region1/ncom_glb_reg1_2008072400.nc" coordValue="    75048.00    75051.00    75054.00    75057.00    75060.00    75063.00    75066.00    75069.00" />
        <netcdf location="http://edac-dap.northerngulfinstitute.org/dods-bin/nph-dods/NCOM/region1/ncom_glb_reg1_2008072500.nc" coordValue="    75072.00    75075.00    75078.00    75081.00    75084.00    75087.00    75090.00    75093.00" />
        <netcdf location="http://edac-dap.northerngulfinstitute.org/dods-bin/nph-dods/NCOM/region1/ncom_glb_reg1_2008072600.nc" coordValue="    75096.00    75099.00    75102.00    75105.00    75108.00    75111.00    75114.00    75117.00" />
        <netcdf location="http://edac-dap.northerngulfinstitute.org/dods-bin/nph-dods/NCOM/region1/ncom_glb_reg1_2008072700.nc" coordValue="    75120.00    75123.00    75126.00    75129.00    75132.00    75135.00    75138.00    75141.00" />
        <netcdf location="http://edac-dap.northerngulfinstitute.org/dods-bin/nph-dods/NCOM/region1/ncom_glb_reg1_2008072800.nc" coordValue="    75144.00    75147.00    75150.00    75153.00    75156.00    75159.00    75162.00    75165.00" />
        <netcdf location="http://edac-dap.northerngulfinstitute.org/dods-bin/nph-dods/NCOM/region1/ncom_glb_reg1_2008072900.nc" coordValue="    75168.00    75171.00    75174.00    75177.00    75180.00    75183.00    75186.00    75189.00" />
        <netcdf location="http://edac-dap.northerngulfinstitute.org/dods-bin/nph-dods/NCOM/region1/ncom_glb_reg1_2008073000.nc" coordValue="    75192.00    75195.00    75198.00    75201.00    75204.00    75207.00    75210.00    75213.00" />
        <netcdf location="http://edac-dap.northerngulfinstitute.org/dods-bin/nph-dods/NCOM/region1/ncom_glb_reg1_2008073100.nc" coordValue="    75216.00    75219.00    75222.00    75225.00    75228.00    75231.00    75234.00    75237.00" />
      </aggregation>
      <attribute name="Conventions"  value="CF-1.0"/>
    </netcdf>

  </dataset>

</catalog>
