<?xml version="1.0" encoding="UTF-8"?>
<catalog name="CMGP Time Series Data"
    xmlns="http://www.unidata.ucar.edu/namespaces/thredds/InvCatalog/v1.0"
    xmlns:xlink="http://www.w3.org/1999/xlink">
    
    <service name="all4services" serviceType="Compound" base="">
        <service name="all4services" serviceType="OpenDAP" base="/thredds/dodsC/"/>
        <service name="fileserver" serviceType="HTTPServer" base="/thredds/fileServer/"/>
        <service name="wcs" serviceType="WCS" base="/thredds/wcs/"/>
        <service name="ncss" serviceType="NetcdfSubset" base="/thredds/ncss/grid/"/>
    </service>
    
    <dataset name="Myrtle Beach">
        <metadata inherited="true">
            <serviceName>gridServices</serviceName>
            <authority>gov.usgs.er.whsc</authority>
            <dataType>Grid</dataType>
            <dataFormat>NetCDF</dataFormat>
            <creator>
                <name vocabulary="DIF">OM/WHSC/USGS</name>
                <contact url="http://www.usgs.gov/"
                    email="rsignell@usgs.gov" />
            </creator>
            <publisher>
                <name vocabulary="DIF">OM/WHSC/USGS</name>
                <contact url="http://www.usgs.gov/"
                    email="rsignell@usgs.gov" />
            </publisher>
            <geospatialCoverage zpositive="down">
                <northsouth>
                    <start>30.0</start>
                    <size>20.0</size>
                    <units>degrees_north</units>
                </northsouth>
                <eastwest>
                    <start>-72.0</start>
                    <size>10.0</size>
                    <units>degrees_east</units>
                </eastwest>
                <updown>
                    <start>0</start>
                    <size>3000</size>
                    <units>meters</units>
                </updown>
            </geospatialCoverage>
            <documentation xlink:href="http://stellwagen.er.usgs.gov" 
                xlink:title="USGS Coastal and Marine Program Time Series Data"/>
        </metadata>
<dataset name="2105769d1-river.nc" ID="DATAFILES/MYRTLEBEACH/2105769d1-river.nc" urlPath="DATAFILES/MYRTLEBEACH/2105769d1-river.nc">
<serviceName>all4services</serviceName>
<netcdf xmlns="http://www.unidata.ucar.edu/namespaces/netcdf/ncml-2.2" location="http://stellwagen.er.usgs.gov/cgi-bin/nph-dods/DATAFILES/MYRTLEBEACH/2105769d1-river.nc">
<variable name="time" shape="time" type="double">
  <attribute name="units" value="hours since 1858-11-17 00:00:00"/>
  <values start="1270488.0000000000" increment="24.000000"/>
</variable>
<attribute name="Conventions" value="CF-1.0" />
</netcdf>
</dataset>
<dataset name="2131010d1-river.nc" ID="DATAFILES/MYRTLEBEACH/2131010d1-river.nc" urlPath="DATAFILES/MYRTLEBEACH/2131010d1-river.nc">
<serviceName>all4services</serviceName>
<netcdf xmlns="http://www.unidata.ucar.edu/namespaces/netcdf/ncml-2.2" location="http://stellwagen.er.usgs.gov/cgi-bin/nph-dods/DATAFILES/MYRTLEBEACH/2131010d1-river.nc">
<variable name="time" shape="time" type="double">
  <attribute name="units" value="hours since 1858-11-17 00:00:00"/>
  <values start="1270488.0000000000" increment="24.000000"/>
</variable>
<attribute name="Conventions" value="CF-1.0" />
</netcdf>
</dataset>
<dataset name="41013h1-stdMet.nc" ID="DATAFILES/MYRTLEBEACH/41013h1-stdMet.nc" urlPath="DATAFILES/MYRTLEBEACH/41013h1-stdMet.nc">
<serviceName>all4services</serviceName>
<netcdf xmlns="http://www.unidata.ucar.edu/namespaces/netcdf/ncml-2.2" location="http://stellwagen.er.usgs.gov/cgi-bin/nph-dods/DATAFILES/MYRTLEBEACH/41013h1-stdMet.nc">
<variable name="time" shape="time" type="double">
  <attribute name="units" value="hours since 1858-11-17 00:00:00"/>
  <values start="1269912.0000000000" increment="1.000000"/>
</variable>
<variable name="depth">
  <attribute name="positive" value="down"/>
</variable>
<attribute name="Conventions" value="CF-1.0" />
</netcdf>
</dataset>
<dataset name="7201adc-a.nc" ID="DATAFILES/MYRTLEBEACH/7201adc-a.nc" urlPath="DATAFILES/MYRTLEBEACH/7201adc-a.nc">
<serviceName>all4services</serviceName>
<netcdf xmlns="http://www.unidata.ucar.edu/namespaces/netcdf/ncml-2.2" location="http://stellwagen.er.usgs.gov/cgi-bin/nph-dods/DATAFILES/MYRTLEBEACH/7201adc-a.nc">
<variable name="time" shape="time" type="double">
  <attribute name="units" value="hours since 1858-11-17 00:00:00"/>
  <values start="1270578.7500000000" increment="0.250000"/>
</variable>
<variable name="depth">
  <attribute name="positive" value="down"/>
  <attribute name="_CoordinateAxisType" value="Height"/>
  <attribute name="_CoordinateZisPositive" value="down"/>
  <attribute name="axis" value="Z"/>
  <attribute name="ioos_category" value="Location"/>
  <attribute name="standard_name" value="depth"/> 
</variable>
<attribute name="Conventions" value="CF-1.0" />
  <attribute  name="geospatial_vertical_max" value="9.452215" type="double"/>
  <attribute  name="geospatial_vertical_min" value="0.9522152" type="double"/>
  <attribute  name="geospatial_vertical_positive" value="down"/>
  <attribute  name="geospatial_vertical_units" value="m"/>
  
</netcdf>
</dataset>
<dataset name="7222sc-a.nc" ID="DATAFILES/MYRTLEBEACH/7222sc-a.nc" urlPath="DATAFILES/MYRTLEBEACH/7222sc-a.nc">
<serviceName>all4services</serviceName>
<netcdf xmlns="http://www.unidata.ucar.edu/namespaces/netcdf/ncml-2.2" location="http://stellwagen.er.usgs.gov/cgi-bin/nph-dods/DATAFILES/MYRTLEBEACH/7222sc-a.nc">
<variable name="time" shape="time" type="double">
  <attribute name="units" value="hours since 1858-11-17 00:00:00"/>
  <values start="1270578.1666666679" increment="0.083333"/>
</variable>
<variable name="depth">
  <attribute name="positive" value="down"/>
</variable>
<attribute name="Conventions" value="CF-1.0" />
</netcdf>
</dataset>
<dataset name="7223pt-a.nc" ID="DATAFILES/MYRTLEBEACH/7223pt-a.nc" urlPath="DATAFILES/MYRTLEBEACH/7223pt-a.nc">
<serviceName>all4services</serviceName>
<netcdf xmlns="http://www.unidata.ucar.edu/namespaces/netcdf/ncml-2.2" location="http://stellwagen.er.usgs.gov/cgi-bin/nph-dods/DATAFILES/MYRTLEBEACH/7223pt-a.nc">
<variable name="time" shape="time" type="double">
  <attribute name="units" value="hours since 1858-11-17 00:00:00"/>
  <values start="1270578.1666666679" increment="0.083333"/>
</variable>
<variable name="depth">
  <attribute name="positive" value="down"/>
</variable>
<attribute name="Conventions" value="CF-1.0" />
</netcdf>
</dataset>
<dataset name="7231mc-a.nc" ID="DATAFILES/MYRTLEBEACH/7231mc-a.nc" urlPath="DATAFILES/MYRTLEBEACH/7231mc-a.nc">
<serviceName>all4services</serviceName>
<netcdf xmlns="http://www.unidata.ucar.edu/namespaces/netcdf/ncml-2.2" location="http://stellwagen.er.usgs.gov/cgi-bin/nph-dods/DATAFILES/MYRTLEBEACH/7231mc-a.nc">
<variable name="time" shape="time" type="double">
  <attribute name="units" value="hours since 1858-11-17 00:00:00"/>
  <values start="1269996.7500000000" increment="0.083333"/>
</variable>
<variable name="depth">
  <attribute name="positive" value="down"/>
</variable>
<attribute name="Conventions" value="CF-1.0" />
</netcdf>
</dataset>
    </dataset>
  <dataset name="ECOHAB-1">
    <metadata inherited="true">
      <serviceName>gridServices</serviceName>
      <authority>gov.usgs.er.whsc</authority>
      <dataType>Grid</dataType>
      <dataFormat>NetCDF</dataFormat>
      <creator>
        <name vocabulary="DIF">OM/WHSC/USGS</name>
        <contact url="http://www.usgs.gov/"
          email="rsignell@usgs.gov" />
      </creator>
      <publisher>
        <name vocabulary="DIF">OM/WHSC/USGS</name>
        <contact url="http://www.usgs.gov/"
          email="rsignell@usgs.gov" />
      </publisher>
      <geospatialCoverage zpositive="down">
        <northsouth>
          <start>40.0</start>
          <size>20.0</size>
          <units>degrees_north</units>
        </northsouth>
        <eastwest>
          <start>-75.0</start>
          <size>10.0</size>
          <units>degrees_east</units>
        </eastwest>
        <updown>
          <start>0</start>
          <size>3000</size>
          <units>meters</units>
        </updown>
      </geospatialCoverage>
      <documentation xlink:href="http://stellwagen.er.usgs.gov" 
        xlink:title="USGS Coastal and Marine Program Time Series Data"/>
    </metadata>
         
<dataset name="4151-a.cdf" ID="DATAFILES/ECOHAB_I/4151-a.cdf" urlPath="DATAFILES/ECOHAB_I/4151-a.cdf">
<serviceName>all4services</serviceName>
<netcdf xmlns="http://www.unidata.ucar.edu/namespaces/netcdf/ncml-2.2" location="http://stellwagen.er.usgs.gov/cgi-bin/nph-dods/DATAFILES/ECOHAB_I/4151-a.cdf">
<variable name="time" shape="time" type="double">
  <attribute name="units" value="milliseconds since 1858-11-17 00:00:00 UTC"/>
  <attribute name="long_name" value="Modified Julian Day"/>
  <values start="4239300712000" increment="225000"/>
</variable>
<variable name="depth">
  <attribute name="positive" value="down"/>
</variable>
<variable name="lon">
  <attribute name="units" value="degrees_east"/>
</variable>
<variable name="lat">
  <attribute name="units" value="degrees_north"/>
</variable>
<attribute name="Conventions" value="CF-1.0" />
</netcdf>
</dataset>
<dataset name="4151-a1h.cdf" ID="DATAFILES/ECOHAB_I/4151-a1h.cdf" urlPath="DATAFILES/ECOHAB_I/4151-a1h.cdf">
<serviceName>all4services</serviceName>
<netcdf xmlns="http://www.unidata.ucar.edu/namespaces/netcdf/ncml-2.2" location="http://stellwagen.er.usgs.gov/cgi-bin/nph-dods/DATAFILES/ECOHAB_I/4151-a1h.cdf">
<variable name="time" shape="time" type="double">
  <attribute name="units" value="milliseconds since 1858-11-17 00:00:00 UTC"/>
  <attribute name="long_name" value="Modified Julian Day"/>
  <values start="4239302400000" increment="3600000"/>
</variable>
<variable name="depth">
  <attribute name="positive" value="down"/>
</variable>
<variable name="lon">
  <attribute name="units" value="degrees_east"/>
</variable>
<variable name="lat">
  <attribute name="units" value="degrees_north"/>
</variable>
<attribute name="Conventions" value="CF-1.0" />
</netcdf>
</dataset>
<dataset name="4151att-a.cdf" ID="DATAFILES/ECOHAB_I/4151att-a.cdf" urlPath="DATAFILES/ECOHAB_I/4151att-a.cdf">
<serviceName>all4services</serviceName>
<netcdf xmlns="http://www.unidata.ucar.edu/namespaces/netcdf/ncml-2.2" location="http://stellwagen.er.usgs.gov/cgi-bin/nph-dods/DATAFILES/ECOHAB_I/4151att-a.cdf">
<variable name="time" shape="time" type="double">
  <attribute name="units" value="milliseconds since 1858-11-17 00:00:00 UTC"/>
  <attribute name="long_name" value="Modified Julian Day"/>
  <values start="4239304313000" increment="225000"/>
</variable>
<variable name="depth">
  <attribute name="positive" value="down"/>
</variable>
<variable name="lon">
  <attribute name="units" value="degrees_east"/>
</variable>
<variable name="lat">
  <attribute name="units" value="degrees_north"/>
</variable>
<attribute name="Conventions" value="CF-1.0" />
</netcdf>
</dataset>
<dataset name="4151att-a1h.cdf" ID="DATAFILES/ECOHAB_I/4151att-a1h.cdf" urlPath="DATAFILES/ECOHAB_I/4151att-a1h.cdf">
<serviceName>all4services</serviceName>
<netcdf xmlns="http://www.unidata.ucar.edu/namespaces/netcdf/ncml-2.2" location="http://stellwagen.er.usgs.gov/cgi-bin/nph-dods/DATAFILES/ECOHAB_I/4151att-a1h.cdf">
<variable name="time" shape="time" type="double">
  <attribute name="units" value="milliseconds since 1858-11-17 00:00:00 UTC"/>
  <attribute name="long_name" value="Modified Julian Day"/>
  <values start="4239306001000" increment="3600000"/>
</variable>
<variable name="depth">
  <attribute name="positive" value="down"/>
</variable>
<variable name="lon">
  <attribute name="units" value="degrees_east"/>
</variable>
<variable name="lat">
  <attribute name="units" value="degrees_north"/>
</variable>
<attribute name="Conventions" value="CF-1.0" />
</netcdf>
</dataset>
<dataset name="4151sc-a.cdf" ID="DATAFILES/ECOHAB_I/4151sc-a.cdf" urlPath="DATAFILES/ECOHAB_I/4151sc-a.cdf">
<serviceName>all4services</serviceName>
<netcdf xmlns="http://www.unidata.ucar.edu/namespaces/netcdf/ncml-2.2" location="http://stellwagen.er.usgs.gov/cgi-bin/nph-dods/DATAFILES/ECOHAB_I/4151sc-a.cdf">
<variable name="time" shape="time" type="double">
  <attribute name="units" value="milliseconds since 1858-11-17 00:00:00 UTC"/>
  <attribute name="long_name" value="Modified Julian Day"/>
  <values start="4239304313000" increment="225000"/>
</variable>
<variable name="depth">
  <attribute name="positive" value="down"/>
</variable>
<variable name="lon">
  <attribute name="units" value="degrees_east"/>
</variable>
<variable name="lat">
  <attribute name="units" value="degrees_north"/>
</variable>
<attribute name="Conventions" value="CF-1.0" />
</netcdf>
</dataset>
<dataset name="4151sc-a1h.cdf" ID="DATAFILES/ECOHAB_I/4151sc-a1h.cdf" urlPath="DATAFILES/ECOHAB_I/4151sc-a1h.cdf">
<serviceName>all4services</serviceName>
<netcdf xmlns="http://www.unidata.ucar.edu/namespaces/netcdf/ncml-2.2" location="http://stellwagen.er.usgs.gov/cgi-bin/nph-dods/DATAFILES/ECOHAB_I/4151sc-a1h.cdf">
<variable name="time" shape="time" type="double">
  <attribute name="units" value="milliseconds since 1858-11-17 00:00:00 UTC"/>
  <attribute name="long_name" value="Modified Julian Day"/>
  <values start="4239306001000" increment="3600000"/>
</variable>
<variable name="depth">
  <attribute name="positive" value="down"/>
</variable>
<variable name="lon">
  <attribute name="units" value="degrees_east"/>
</variable>
<variable name="lat">
  <attribute name="units" value="degrees_north"/>
</variable>
<attribute name="Conventions" value="CF-1.0" />
</netcdf>
</dataset>
<dataset name="4152-a.cdf" ID="DATAFILES/ECOHAB_I/4152-a.cdf" urlPath="DATAFILES/ECOHAB_I/4152-a.cdf">
<serviceName>all4services</serviceName>
<netcdf xmlns="http://www.unidata.ucar.edu/namespaces/netcdf/ncml-2.2" location="http://stellwagen.er.usgs.gov/cgi-bin/nph-dods/DATAFILES/ECOHAB_I/4152-a.cdf">
<variable name="time" shape="time" type="double">
  <attribute name="units" value="milliseconds since 1858-11-17 00:00:00 UTC"/>
  <attribute name="long_name" value="Modified Julian Day"/>
  <values start="4239304312000" increment="225000"/>
</variable>
<variable name="depth">
  <attribute name="positive" value="down"/>
</variable>
<variable name="lon">
  <attribute name="units" value="degrees_east"/>
</variable>
<variable name="lat">
  <attribute name="units" value="degrees_north"/>
</variable>
<attribute name="Conventions" value="CF-1.0" />
</netcdf>
</dataset>
<dataset name="4152-a1h.cdf" ID="DATAFILES/ECOHAB_I/4152-a1h.cdf" urlPath="DATAFILES/ECOHAB_I/4152-a1h.cdf">
<serviceName>all4services</serviceName>
<netcdf xmlns="http://www.unidata.ucar.edu/namespaces/netcdf/ncml-2.2" location="http://stellwagen.er.usgs.gov/cgi-bin/nph-dods/DATAFILES/ECOHAB_I/4152-a1h.cdf">
<variable name="time" shape="time" type="double">
  <attribute name="units" value="milliseconds since 1858-11-17 00:00:00 UTC"/>
  <attribute name="long_name" value="Modified Julian Day"/>
  <values start="4239306000000" increment="3600000"/>
</variable>
<variable name="depth">
  <attribute name="positive" value="down"/>
</variable>
<variable name="lon">
  <attribute name="units" value="degrees_east"/>
</variable>
<variable name="lat">
  <attribute name="units" value="degrees_north"/>
</variable>
<attribute name="Conventions" value="CF-1.0" />
</netcdf>
</dataset>
<dataset name="4152sc-a.cdf" ID="DATAFILES/ECOHAB_I/4152sc-a.cdf" urlPath="DATAFILES/ECOHAB_I/4152sc-a.cdf">
<serviceName>all4services</serviceName>
<netcdf xmlns="http://www.unidata.ucar.edu/namespaces/netcdf/ncml-2.2" location="http://stellwagen.er.usgs.gov/cgi-bin/nph-dods/DATAFILES/ECOHAB_I/4152sc-a.cdf">
<variable name="time" shape="time" type="double">
  <attribute name="units" value="milliseconds since 1858-11-17 00:00:00 UTC"/>
  <attribute name="long_name" value="Modified Julian Day"/>
  <values start="4239304312000" increment="900000"/>
</variable>
<variable name="depth">
  <attribute name="positive" value="down"/>
</variable>
<variable name="lon">
  <attribute name="units" value="degrees_east"/>
</variable>
<variable name="lat">
  <attribute name="units" value="degrees_north"/>
</variable>
<attribute name="Conventions" value="CF-1.0" />
</netcdf>
</dataset>
<dataset name="4152sc-a1h.cdf" ID="DATAFILES/ECOHAB_I/4152sc-a1h.cdf" urlPath="DATAFILES/ECOHAB_I/4152sc-a1h.cdf">
<serviceName>all4services</serviceName>
<netcdf xmlns="http://www.unidata.ucar.edu/namespaces/netcdf/ncml-2.2" location="http://stellwagen.er.usgs.gov/cgi-bin/nph-dods/DATAFILES/ECOHAB_I/4152sc-a1h.cdf">
<variable name="time" shape="time" type="double">
  <attribute name="units" value="milliseconds since 1858-11-17 00:00:00 UTC"/>
  <attribute name="long_name" value="Modified Julian Day"/>
  <values start="4239305662000" increment="3600000"/>
</variable>
<variable name="depth">
  <attribute name="positive" value="down"/>
</variable>
<variable name="lon">
  <attribute name="units" value="degrees_east"/>
</variable>
<variable name="lat">
  <attribute name="units" value="degrees_north"/>
</variable>
<attribute name="Conventions" value="CF-1.0" />
</netcdf>
</dataset>
<dataset name="4153-a.cdf" ID="DATAFILES/ECOHAB_I/4153-a.cdf" urlPath="DATAFILES/ECOHAB_I/4153-a.cdf">
<serviceName>all4services</serviceName>
<netcdf xmlns="http://www.unidata.ucar.edu/namespaces/netcdf/ncml-2.2" location="http://stellwagen.er.usgs.gov/cgi-bin/nph-dods/DATAFILES/ECOHAB_I/4153-a.cdf">
<variable name="time" shape="time" type="double">
  <attribute name="units" value="milliseconds since 1858-11-17 00:00:00 UTC"/>
  <attribute name="long_name" value="Modified Julian Day"/>
  <values start="4239307912000" increment="225000"/>
</variable>
<variable name="depth">
  <attribute name="positive" value="down"/>
</variable>
<variable name="lon">
  <attribute name="units" value="degrees_east"/>
</variable>
<variable name="lat">
  <attribute name="units" value="degrees_north"/>
</variable>
<attribute name="Conventions" value="CF-1.0" />
</netcdf>
</dataset>
<dataset name="4153-a1h.cdf" ID="DATAFILES/ECOHAB_I/4153-a1h.cdf" urlPath="DATAFILES/ECOHAB_I/4153-a1h.cdf">
<serviceName>all4services</serviceName>
<netcdf xmlns="http://www.unidata.ucar.edu/namespaces/netcdf/ncml-2.2" location="http://stellwagen.er.usgs.gov/cgi-bin/nph-dods/DATAFILES/ECOHAB_I/4153-a1h.cdf">
<variable name="time" shape="time" type="double">
  <attribute name="units" value="milliseconds since 1858-11-17 00:00:00 UTC"/>
  <attribute name="long_name" value="Modified Julian Day"/>
  <values start="4239309600000" increment="3600000"/>
</variable>
<variable name="depth">
  <attribute name="positive" value="down"/>
</variable>
<variable name="lon">
  <attribute name="units" value="degrees_east"/>
</variable>
<variable name="lat">
  <attribute name="units" value="degrees_north"/>
</variable>
<attribute name="Conventions" value="CF-1.0" />
</netcdf>
</dataset>
<dataset name="4153att-a.cdf" ID="DATAFILES/ECOHAB_I/4153att-a.cdf" urlPath="DATAFILES/ECOHAB_I/4153att-a.cdf">
<serviceName>all4services</serviceName>
<netcdf xmlns="http://www.unidata.ucar.edu/namespaces/netcdf/ncml-2.2" location="http://stellwagen.er.usgs.gov/cgi-bin/nph-dods/DATAFILES/ECOHAB_I/4153att-a.cdf">
<variable name="time" shape="time" type="double">
  <attribute name="units" value="milliseconds since 1858-11-17 00:00:00 UTC"/>
  <attribute name="long_name" value="Modified Julian Day"/>
  <values start="4239307912000" increment="225000"/>
</variable>
<variable name="depth">
  <attribute name="positive" value="down"/>
</variable>
<variable name="lon">
  <attribute name="units" value="degrees_east"/>
</variable>
<variable name="lat">
  <attribute name="units" value="degrees_north"/>
</variable>
<attribute name="Conventions" value="CF-1.0" />
</netcdf>
</dataset>
<dataset name="4153att-a1h.cdf" ID="DATAFILES/ECOHAB_I/4153att-a1h.cdf" urlPath="DATAFILES/ECOHAB_I/4153att-a1h.cdf">
<serviceName>all4services</serviceName>
<netcdf xmlns="http://www.unidata.ucar.edu/namespaces/netcdf/ncml-2.2" location="http://stellwagen.er.usgs.gov/cgi-bin/nph-dods/DATAFILES/ECOHAB_I/4153att-a1h.cdf">
<variable name="time" shape="time" type="double">
  <attribute name="units" value="milliseconds since 1858-11-17 00:00:00 UTC"/>
  <attribute name="long_name" value="Modified Julian Day"/>
  <values start="4239309600000" increment="3600000"/>
</variable>
<variable name="depth">
  <attribute name="positive" value="down"/>
</variable>
<variable name="lon">
  <attribute name="units" value="degrees_east"/>
</variable>
<variable name="lat">
  <attribute name="units" value="degrees_north"/>
</variable>
<attribute name="Conventions" value="CF-1.0" />
</netcdf>
</dataset>
<dataset name="4153cs-a.cdf" ID="DATAFILES/ECOHAB_I/4153cs-a.cdf" urlPath="DATAFILES/ECOHAB_I/4153cs-a.cdf">
<serviceName>all4services</serviceName>
<netcdf xmlns="http://www.unidata.ucar.edu/namespaces/netcdf/ncml-2.2" location="http://stellwagen.er.usgs.gov/cgi-bin/nph-dods/DATAFILES/ECOHAB_I/4153cs-a.cdf">
<variable name="time" shape="time" type="double">
  <attribute name="units" value="milliseconds since 1858-11-17 00:00:00 UTC"/>
  <attribute name="long_name" value="Modified Julian Day"/>
  <values start="4239307912000" increment="225000"/>
</variable>
<variable name="depth">
  <attribute name="positive" value="down"/>
</variable>
<variable name="lon">
  <attribute name="units" value="degrees_east"/>
</variable>
<variable name="lat">
  <attribute name="units" value="degrees_north"/>
</variable>
<attribute name="Conventions" value="CF-1.0" />
</netcdf>
</dataset>
<dataset name="4153cs-a1h.cdf" ID="DATAFILES/ECOHAB_I/4153cs-a1h.cdf" urlPath="DATAFILES/ECOHAB_I/4153cs-a1h.cdf">
<serviceName>all4services</serviceName>
<netcdf xmlns="http://www.unidata.ucar.edu/namespaces/netcdf/ncml-2.2" location="http://stellwagen.er.usgs.gov/cgi-bin/nph-dods/DATAFILES/ECOHAB_I/4153cs-a1h.cdf">
<variable name="time" shape="time" type="double">
  <attribute name="units" value="milliseconds since 1858-11-17 00:00:00 UTC"/>
  <attribute name="long_name" value="Modified Julian Day"/>
  <values start="4239309600000" increment="3600000"/>
</variable>
<variable name="depth">
  <attribute name="positive" value="down"/>
</variable>
<variable name="lon">
  <attribute name="units" value="degrees_east"/>
</variable>
<variable name="lat">
  <attribute name="units" value="degrees_north"/>
</variable>
<attribute name="Conventions" value="CF-1.0" />
</netcdf>
</dataset>
<dataset name="4161-a.cdf" ID="DATAFILES/ECOHAB_I/4161-a.cdf" urlPath="DATAFILES/ECOHAB_I/4161-a.cdf">
<serviceName>all4services</serviceName>
<netcdf xmlns="http://www.unidata.ucar.edu/namespaces/netcdf/ncml-2.2" location="http://stellwagen.er.usgs.gov/cgi-bin/nph-dods/DATAFILES/ECOHAB_I/4161-a.cdf">
<variable name="time" shape="time" type="double">
  <attribute name="units" value="milliseconds since 1858-11-17 00:00:00 UTC"/>
  <attribute name="long_name" value="Modified Julian Day"/>
  <values start="4239351112000" increment="225000"/>
</variable>
<variable name="depth">
  <attribute name="positive" value="down"/>
</variable>
<variable name="lon">
  <attribute name="units" value="degrees_east"/>
</variable>
<variable name="lat">
  <attribute name="units" value="degrees_north"/>
</variable>
<attribute name="Conventions" value="CF-1.0" />
</netcdf>
</dataset>
<dataset name="4161-a1h.cdf" ID="DATAFILES/ECOHAB_I/4161-a1h.cdf" urlPath="DATAFILES/ECOHAB_I/4161-a1h.cdf">
<serviceName>all4services</serviceName>
<netcdf xmlns="http://www.unidata.ucar.edu/namespaces/netcdf/ncml-2.2" location="http://stellwagen.er.usgs.gov/cgi-bin/nph-dods/DATAFILES/ECOHAB_I/4161-a1h.cdf">
<variable name="time" shape="time" type="double">
  <attribute name="units" value="milliseconds since 1858-11-17 00:00:00 UTC"/>
  <attribute name="long_name" value="Modified Julian Day"/>
  <values start="4239352800000" increment="3600000"/>
</variable>
<variable name="depth">
  <attribute name="positive" value="down"/>
</variable>
<variable name="lon">
  <attribute name="units" value="degrees_east"/>
</variable>
<variable name="lat">
  <attribute name="units" value="degrees_north"/>
</variable>
<attribute name="Conventions" value="CF-1.0" />
</netcdf>
</dataset>
<dataset name="4161att-a.cdf" ID="DATAFILES/ECOHAB_I/4161att-a.cdf" urlPath="DATAFILES/ECOHAB_I/4161att-a.cdf">
<serviceName>all4services</serviceName>
<netcdf xmlns="http://www.unidata.ucar.edu/namespaces/netcdf/ncml-2.2" location="http://stellwagen.er.usgs.gov/cgi-bin/nph-dods/DATAFILES/ECOHAB_I/4161att-a.cdf">
<variable name="time" shape="time" type="double">
  <attribute name="units" value="milliseconds since 1858-11-17 00:00:00 UTC"/>
  <attribute name="long_name" value="Modified Julian Day"/>
  <values start="4239347512000" increment="900000"/>
</variable>
<variable name="depth">
  <attribute name="positive" value="down"/>
</variable>
<variable name="lon">
  <attribute name="units" value="degrees_east"/>
</variable>
<variable name="lat">
  <attribute name="units" value="degrees_north"/>
</variable>
<attribute name="Conventions" value="CF-1.0" />
</netcdf>
</dataset>
<dataset name="4161att-a1h.cdf" ID="DATAFILES/ECOHAB_I/4161att-a1h.cdf" urlPath="DATAFILES/ECOHAB_I/4161att-a1h.cdf">
<serviceName>all4services</serviceName>
<netcdf xmlns="http://www.unidata.ucar.edu/namespaces/netcdf/ncml-2.2" location="http://stellwagen.er.usgs.gov/cgi-bin/nph-dods/DATAFILES/ECOHAB_I/4161att-a1h.cdf">
<variable name="time" shape="time" type="double">
  <attribute name="units" value="milliseconds since 1858-11-17 00:00:00 UTC"/>
  <attribute name="long_name" value="Modified Julian Day"/>
  <values start="4239348862000" increment="3600000"/>
</variable>
<variable name="depth">
  <attribute name="positive" value="down"/>
</variable>
<variable name="lon">
  <attribute name="units" value="degrees_east"/>
</variable>
<variable name="lat">
  <attribute name="units" value="degrees_north"/>
</variable>
<attribute name="Conventions" value="CF-1.0" />
</netcdf>
</dataset>
<dataset name="4161sc-a.cdf" ID="DATAFILES/ECOHAB_I/4161sc-a.cdf" urlPath="DATAFILES/ECOHAB_I/4161sc-a.cdf">
<serviceName>all4services</serviceName>
<netcdf xmlns="http://www.unidata.ucar.edu/namespaces/netcdf/ncml-2.2" location="http://stellwagen.er.usgs.gov/cgi-bin/nph-dods/DATAFILES/ECOHAB_I/4161sc-a.cdf">
<variable name="time" shape="time" type="double">
  <attribute name="units" value="milliseconds since 1858-11-17 00:00:00 UTC"/>
  <attribute name="long_name" value="Modified Julian Day"/>
  <values start="4239347512000" increment="900000"/>
</variable>
<variable name="depth">
  <attribute name="positive" value="down"/>
</variable>
<variable name="lon">
  <attribute name="units" value="degrees_east"/>
</variable>
<variable name="lat">
  <attribute name="units" value="degrees_north"/>
</variable>
<attribute name="Conventions" value="CF-1.0" />
</netcdf>
</dataset>
<dataset name="4161sc-a1h.cdf" ID="DATAFILES/ECOHAB_I/4161sc-a1h.cdf" urlPath="DATAFILES/ECOHAB_I/4161sc-a1h.cdf">
<serviceName>all4services</serviceName>
<netcdf xmlns="http://www.unidata.ucar.edu/namespaces/netcdf/ncml-2.2" location="http://stellwagen.er.usgs.gov/cgi-bin/nph-dods/DATAFILES/ECOHAB_I/4161sc-a1h.cdf">
<variable name="time" shape="time" type="double">
  <attribute name="units" value="milliseconds since 1858-11-17 00:00:00 UTC"/>
  <attribute name="long_name" value="Modified Julian Day"/>
  <values start="4239348862000" increment="3600000"/>
</variable>
<variable name="depth">
  <attribute name="positive" value="down"/>
</variable>
<variable name="lon">
  <attribute name="units" value="degrees_east"/>
</variable>
<variable name="lat">
  <attribute name="units" value="degrees_north"/>
</variable>
<attribute name="Conventions" value="CF-1.0" />
</netcdf>
</dataset>
<dataset name="4162-a.cdf" ID="DATAFILES/ECOHAB_I/4162-a.cdf" urlPath="DATAFILES/ECOHAB_I/4162-a.cdf">
<serviceName>all4services</serviceName>
<netcdf xmlns="http://www.unidata.ucar.edu/namespaces/netcdf/ncml-2.2" location="http://stellwagen.er.usgs.gov/cgi-bin/nph-dods/DATAFILES/ECOHAB_I/4162-a.cdf">
<variable name="time" shape="time" type="double">
  <attribute name="units" value="milliseconds since 1858-11-17 00:00:00 UTC"/>
  <attribute name="long_name" value="Modified Julian Day"/>
  <values start="4239354712000" increment="225000"/>
</variable>
<variable name="depth">
  <attribute name="positive" value="down"/>
</variable>
<variable name="lon">
  <attribute name="units" value="degrees_east"/>
</variable>
<variable name="lat">
  <attribute name="units" value="degrees_north"/>
</variable>
<attribute name="Conventions" value="CF-1.0" />
</netcdf>
</dataset>
<dataset name="4162-a1h.cdf" ID="DATAFILES/ECOHAB_I/4162-a1h.cdf" urlPath="DATAFILES/ECOHAB_I/4162-a1h.cdf">
<serviceName>all4services</serviceName>
<netcdf xmlns="http://www.unidata.ucar.edu/namespaces/netcdf/ncml-2.2" location="http://stellwagen.er.usgs.gov/cgi-bin/nph-dods/DATAFILES/ECOHAB_I/4162-a1h.cdf">
<variable name="time" shape="time" type="double">
  <attribute name="units" value="milliseconds since 1858-11-17 00:00:00 UTC"/>
  <attribute name="long_name" value="Modified Julian Day"/>
  <values start="4239356400000" increment="3600000"/>
</variable>
<variable name="depth">
  <attribute name="positive" value="down"/>
</variable>
<variable name="lon">
  <attribute name="units" value="degrees_east"/>
</variable>
<variable name="lat">
  <attribute name="units" value="degrees_north"/>
</variable>
<attribute name="Conventions" value="CF-1.0" />
</netcdf>
</dataset>
<dataset name="4163-a.cdf" ID="DATAFILES/ECOHAB_I/4163-a.cdf" urlPath="DATAFILES/ECOHAB_I/4163-a.cdf">
<serviceName>all4services</serviceName>
<netcdf xmlns="http://www.unidata.ucar.edu/namespaces/netcdf/ncml-2.2" location="http://stellwagen.er.usgs.gov/cgi-bin/nph-dods/DATAFILES/ECOHAB_I/4163-a.cdf">
<variable name="time" shape="time" type="double">
  <attribute name="units" value="milliseconds since 1858-11-17 00:00:00 UTC"/>
  <attribute name="long_name" value="Modified Julian Day"/>
  <values start="4239358312000" increment="225000"/>
</variable>
<variable name="depth">
  <attribute name="positive" value="down"/>
</variable>
<variable name="lon">
  <attribute name="units" value="degrees_east"/>
</variable>
<variable name="lat">
  <attribute name="units" value="degrees_north"/>
</variable>
<attribute name="Conventions" value="CF-1.0" />
</netcdf>
</dataset>
<dataset name="4163-a1h.cdf" ID="DATAFILES/ECOHAB_I/4163-a1h.cdf" urlPath="DATAFILES/ECOHAB_I/4163-a1h.cdf">
<serviceName>all4services</serviceName>
<netcdf xmlns="http://www.unidata.ucar.edu/namespaces/netcdf/ncml-2.2" location="http://stellwagen.er.usgs.gov/cgi-bin/nph-dods/DATAFILES/ECOHAB_I/4163-a1h.cdf">
<variable name="time" shape="time" type="double">
  <attribute name="units" value="milliseconds since 1858-11-17 00:00:00 UTC"/>
  <attribute name="long_name" value="Modified Julian Day"/>
  <values start="4239360000000" increment="3600000"/>
</variable>
<variable name="depth">
  <attribute name="positive" value="down"/>
</variable>
<variable name="lon">
  <attribute name="units" value="degrees_east"/>
</variable>
<variable name="lat">
  <attribute name="units" value="degrees_north"/>
</variable>
<attribute name="Conventions" value="CF-1.0" />
</netcdf>
</dataset>
<dataset name="4163att-a.cdf" ID="DATAFILES/ECOHAB_I/4163att-a.cdf" urlPath="DATAFILES/ECOHAB_I/4163att-a.cdf">
<serviceName>all4services</serviceName>
<netcdf xmlns="http://www.unidata.ucar.edu/namespaces/netcdf/ncml-2.2" location="http://stellwagen.er.usgs.gov/cgi-bin/nph-dods/DATAFILES/ECOHAB_I/4163att-a.cdf">
<variable name="time" shape="time" type="double">
  <attribute name="units" value="milliseconds since 1858-11-17 00:00:00 UTC"/>
  <attribute name="long_name" value="Modified Julian Day"/>
  <values start="4239358312000" increment="225000"/>
</variable>
<variable name="depth">
  <attribute name="positive" value="down"/>
</variable>
<variable name="lon">
  <attribute name="units" value="degrees_east"/>
</variable>
<variable name="lat">
  <attribute name="units" value="degrees_north"/>
</variable>
<attribute name="Conventions" value="CF-1.0" />
</netcdf>
</dataset>
<dataset name="4163att-a1h.cdf" ID="DATAFILES/ECOHAB_I/4163att-a1h.cdf" urlPath="DATAFILES/ECOHAB_I/4163att-a1h.cdf">
<serviceName>all4services</serviceName>
<netcdf xmlns="http://www.unidata.ucar.edu/namespaces/netcdf/ncml-2.2" location="http://stellwagen.er.usgs.gov/cgi-bin/nph-dods/DATAFILES/ECOHAB_I/4163att-a1h.cdf">
<variable name="time" shape="time" type="double">
  <attribute name="units" value="milliseconds since 1858-11-17 00:00:00 UTC"/>
  <attribute name="long_name" value="Modified Julian Day"/>
  <values start="4239360000000" increment="3600000"/>
</variable>
<variable name="depth">
  <attribute name="positive" value="down"/>
</variable>
<variable name="lon">
  <attribute name="units" value="degrees_east"/>
</variable>
<variable name="lat">
  <attribute name="units" value="degrees_north"/>
</variable>
<attribute name="Conventions" value="CF-1.0" />
</netcdf>
</dataset>
<dataset name="4163cs-a.cdf" ID="DATAFILES/ECOHAB_I/4163cs-a.cdf" urlPath="DATAFILES/ECOHAB_I/4163cs-a.cdf">
<serviceName>all4services</serviceName>
<netcdf xmlns="http://www.unidata.ucar.edu/namespaces/netcdf/ncml-2.2" location="http://stellwagen.er.usgs.gov/cgi-bin/nph-dods/DATAFILES/ECOHAB_I/4163cs-a.cdf">
<variable name="time" shape="time" type="double">
  <attribute name="units" value="milliseconds since 1858-11-17 00:00:00 UTC"/>
  <attribute name="long_name" value="Modified Julian Day"/>
  <values start="4239358312000" increment="225000"/>
</variable>
<variable name="depth">
  <attribute name="positive" value="down"/>
</variable>
<variable name="lon">
  <attribute name="units" value="degrees_east"/>
</variable>
<variable name="lat">
  <attribute name="units" value="degrees_north"/>
</variable>
<attribute name="Conventions" value="CF-1.0" />
</netcdf>
</dataset>
<dataset name="4163cs-a1h.cdf" ID="DATAFILES/ECOHAB_I/4163cs-a1h.cdf" urlPath="DATAFILES/ECOHAB_I/4163cs-a1h.cdf">
<serviceName>all4services</serviceName>
<netcdf xmlns="http://www.unidata.ucar.edu/namespaces/netcdf/ncml-2.2" location="http://stellwagen.er.usgs.gov/cgi-bin/nph-dods/DATAFILES/ECOHAB_I/4163cs-a1h.cdf">
<variable name="time" shape="time" type="double">
  <attribute name="units" value="milliseconds since 1858-11-17 00:00:00 UTC"/>
  <attribute name="long_name" value="Modified Julian Day"/>
  <values start="4239360000000" increment="3600000"/>
</variable>
<variable name="depth">
  <attribute name="positive" value="down"/>
</variable>
<variable name="lon">
  <attribute name="units" value="degrees_east"/>
</variable>
<variable name="lat">
  <attribute name="units" value="degrees_north"/>
</variable>
<attribute name="Conventions" value="CF-1.0" />
</netcdf>
</dataset>
<dataset name="4171-a.cdf" ID="DATAFILES/ECOHAB_I/4171-a.cdf" urlPath="DATAFILES/ECOHAB_I/4171-a.cdf">
<serviceName>all4services</serviceName>
<netcdf xmlns="http://www.unidata.ucar.edu/namespaces/netcdf/ncml-2.2" location="http://stellwagen.er.usgs.gov/cgi-bin/nph-dods/DATAFILES/ECOHAB_I/4171-a.cdf">
<variable name="time" shape="time" type="double">
  <attribute name="units" value="milliseconds since 1858-11-17 00:00:00 UTC"/>
  <attribute name="long_name" value="Modified Julian Day"/>
  <values start="4239306300000" increment="600000"/>
</variable>
<variable name="depth">
  <attribute name="positive" value="down"/>
</variable>
<variable name="lon">
  <attribute name="units" value="degrees_east"/>
</variable>
<variable name="lat">
  <attribute name="units" value="degrees_north"/>
</variable>
<attribute name="Conventions" value="CF-1.0" />
</netcdf>
</dataset>
<dataset name="4171-a1h.cdf" ID="DATAFILES/ECOHAB_I/4171-a1h.cdf" urlPath="DATAFILES/ECOHAB_I/4171-a1h.cdf">
<serviceName>all4services</serviceName>
<netcdf xmlns="http://www.unidata.ucar.edu/namespaces/netcdf/ncml-2.2" location="http://stellwagen.er.usgs.gov/cgi-bin/nph-dods/DATAFILES/ECOHAB_I/4171-a1h.cdf">
<variable name="time" shape="time" type="double">
  <attribute name="units" value="milliseconds since 1858-11-17 00:00:00 UTC"/>
  <attribute name="long_name" value="Modified Julian Day"/>
  <values start="4239309600000" increment="3600000"/>
</variable>
<variable name="depth">
  <attribute name="positive" value="down"/>
</variable>
<variable name="lon">
  <attribute name="units" value="degrees_east"/>
</variable>
<variable name="lat">
  <attribute name="units" value="degrees_north"/>
</variable>
<attribute name="Conventions" value="CF-1.0" />
</netcdf>
</dataset>
<dataset name="4181p-a.cdf" ID="DATAFILES/ECOHAB_I/4181p-a.cdf" urlPath="DATAFILES/ECOHAB_I/4181p-a.cdf">
<serviceName>all4services</serviceName>
<netcdf xmlns="http://www.unidata.ucar.edu/namespaces/netcdf/ncml-2.2" location="http://stellwagen.er.usgs.gov/cgi-bin/nph-dods/DATAFILES/ECOHAB_I/4181p-a.cdf">
<variable name="time" shape="time" type="double">
  <attribute name="units" value="milliseconds since 1858-11-17 00:00:00 UTC"/>
  <attribute name="long_name" value="Modified Julian Day"/>
  <values start="4240390200000" increment="600000"/>
</variable>
<variable name="depth">
  <attribute name="positive" value="down"/>
</variable>
<variable name="lon">
  <attribute name="units" value="degrees_east"/>
</variable>
<variable name="lat">
  <attribute name="units" value="degrees_north"/>
</variable>
<attribute name="Conventions" value="CF-1.0" />
</netcdf>
</dataset>
<dataset name="4191-a1h.cdf" ID="DATAFILES/ECOHAB_I/4191-a1h.cdf" urlPath="DATAFILES/ECOHAB_I/4191-a1h.cdf">
<serviceName>all4services</serviceName>
<netcdf xmlns="http://www.unidata.ucar.edu/namespaces/netcdf/ncml-2.2" location="http://stellwagen.er.usgs.gov/cgi-bin/nph-dods/DATAFILES/ECOHAB_I/4191-a1h.cdf">
<variable name="time" shape="time" type="double">
  <attribute name="units" value="milliseconds since 1858-11-17 00:00:00 UTC"/>
  <attribute name="long_name" value="Modified Julian Day"/>
  <values start="4240392900000" increment="3600000"/>
</variable>
<variable name="depth">
  <attribute name="positive" value="down"/>
</variable>
<variable name="lon">
  <attribute name="units" value="degrees_east"/>
</variable>
<variable name="lat">
  <attribute name="units" value="degrees_north"/>
</variable>
<attribute name="Conventions" value="CF-1.0" />
</netcdf>
</dataset>
<dataset name="4191p-a.cdf" ID="DATAFILES/ECOHAB_I/4191p-a.cdf" urlPath="DATAFILES/ECOHAB_I/4191p-a.cdf">
<serviceName>all4services</serviceName>
<netcdf xmlns="http://www.unidata.ucar.edu/namespaces/netcdf/ncml-2.2" location="http://stellwagen.er.usgs.gov/cgi-bin/nph-dods/DATAFILES/ECOHAB_I/4191p-a.cdf">
<variable name="time" shape="time" type="double">
  <attribute name="units" value="milliseconds since 1858-11-17 00:00:00 UTC"/>
  <attribute name="long_name" value="Modified Julian Day"/>
  <values start="4240494600000" increment="600000"/>
</variable>
<variable name="depth">
  <attribute name="positive" value="down"/>
</variable>
<variable name="lon">
  <attribute name="units" value="degrees_east"/>
</variable>
<variable name="lat">
  <attribute name="units" value="degrees_north"/>
</variable>
<attribute name="Conventions" value="CF-1.0" />
</netcdf>
</dataset>
<dataset name="4331-a.cdf" ID="DATAFILES/ECOHAB_I/4331-a.cdf" urlPath="DATAFILES/ECOHAB_I/4331-a.cdf">
<serviceName>all4services</serviceName>
<netcdf xmlns="http://www.unidata.ucar.edu/namespaces/netcdf/ncml-2.2" location="http://stellwagen.er.usgs.gov/cgi-bin/nph-dods/DATAFILES/ECOHAB_I/4331-a.cdf">
<variable name="time" shape="time" type="double">
  <attribute name="units" value="milliseconds since 1858-11-17 00:00:00 UTC"/>
  <attribute name="long_name" value="Modified Julian Day"/>
  <values start="4271322712000" increment="225000"/>
</variable>
<variable name="depth">
  <attribute name="positive" value="down"/>
</variable>
<variable name="lon">
  <attribute name="units" value="degrees_east"/>
</variable>
<variable name="lat">
  <attribute name="units" value="degrees_north"/>
</variable>
<attribute name="Conventions" value="CF-1.0" />
</netcdf>
</dataset>
   <dataset name="4331-a1h.cdf" ID="DATAFILES/ECOHAB_I/4331-a1h.cdf" urlPath="DATAFILES/ECOHAB_I/4331-a1h.cdf">
<serviceName>all4services</serviceName>
<netcdf xmlns="http://www.unidata.ucar.edu/namespaces/netcdf/ncml-2.2" location="http://stellwagen.er.usgs.gov/cgi-bin/nph-dods/DATAFILES/ECOHAB_I/4331-a1h.cdf">
<variable name="time" shape="time" type="double">
  <attribute name="units" value="milliseconds since 1858-11-17 00:00:00 UTC"/>
  <attribute name="long_name" value="Modified Julian Day"/>
  <values start="4271324400000" increment="3600000"/>
</variable>
<variable name="depth">
  <attribute name="positive" value="down"/>
</variable>
<variable name="lon">
  <attribute name="units" value="degrees_east"/>
</variable>
<variable name="lat">
  <attribute name="units" value="degrees_north"/>
</variable>
<attribute name="Conventions" value="CF-1.0" />
</netcdf>
</dataset>
<dataset name="4331sc-a.cdf" ID="DATAFILES/ECOHAB_I/4331sc-a.cdf" urlPath="DATAFILES/ECOHAB_I/4331sc-a.cdf">
<serviceName>all4services</serviceName>
<netcdf xmlns="http://www.unidata.ucar.edu/namespaces/netcdf/ncml-2.2" location="http://stellwagen.er.usgs.gov/cgi-bin/nph-dods/DATAFILES/ECOHAB_I/4331sc-a.cdf">
<variable name="time" shape="time" type="double">
  <attribute name="units" value="milliseconds since 1858-11-17 00:00:00 UTC"/>
  <attribute name="long_name" value="Modified Julian Day"/>
  <values start="4271344425000" increment="450000"/>
</variable>
<variable name="depth">
  <attribute name="positive" value="down"/>
</variable>
<variable name="lon">
  <attribute name="units" value="degrees_east"/>
</variable>
<variable name="lat">
  <attribute name="units" value="degrees_north"/>
</variable>
<attribute name="Conventions" value="CF-1.0" />
</netcdf>
</dataset>
<dataset name="4331sc-a1h.cdf" ID="DATAFILES/ECOHAB_I/4331sc-a1h.cdf" urlPath="DATAFILES/ECOHAB_I/4331sc-a1h.cdf">
<serviceName>all4services</serviceName>
<netcdf xmlns="http://www.unidata.ucar.edu/namespaces/netcdf/ncml-2.2" location="http://stellwagen.er.usgs.gov/cgi-bin/nph-dods/DATAFILES/ECOHAB_I/4331sc-a1h.cdf">
<variable name="time" shape="time" type="double">
  <attribute name="units" value="milliseconds since 1858-11-17 00:00:00 UTC"/>
  <attribute name="long_name" value="Modified Julian Day"/>
  <values start="4271346000000" increment="3600000"/>
</variable>
<variable name="depth">
  <attribute name="positive" value="down"/>
</variable>
<variable name="lon">
  <attribute name="units" value="degrees_east"/>
</variable>
<variable name="lat">
  <attribute name="units" value="degrees_north"/>
</variable>
<attribute name="Conventions" value="CF-1.0" />
</netcdf>
</dataset>
<dataset name="4332-a.cdf" ID="DATAFILES/ECOHAB_I/4332-a.cdf" urlPath="DATAFILES/ECOHAB_I/4332-a.cdf">
<serviceName>all4services</serviceName>
<netcdf xmlns="http://www.unidata.ucar.edu/namespaces/netcdf/ncml-2.2" location="http://stellwagen.er.usgs.gov/cgi-bin/nph-dods/DATAFILES/ECOHAB_I/4332-a.cdf">
<variable name="time" shape="time" type="double">
  <attribute name="units" value="milliseconds since 1858-11-17 00:00:00 UTC"/>
  <attribute name="long_name" value="Modified Julian Day"/>
  <values start="4271330025000" increment="450000"/>
</variable>
<variable name="depth">
  <attribute name="positive" value="down"/>
</variable>
<variable name="lon">
  <attribute name="units" value="degrees_east"/>
</variable>
<variable name="lat">
  <attribute name="units" value="degrees_north"/>
</variable>
<attribute name="Conventions" value="CF-1.0" />
</netcdf>
</dataset>
<dataset name="4332-a1h.cdf" ID="DATAFILES/ECOHAB_I/4332-a1h.cdf" urlPath="DATAFILES/ECOHAB_I/4332-a1h.cdf">
<serviceName>all4services</serviceName>
<netcdf xmlns="http://www.unidata.ucar.edu/namespaces/netcdf/ncml-2.2" location="http://stellwagen.er.usgs.gov/cgi-bin/nph-dods/DATAFILES/ECOHAB_I/4332-a1h.cdf">
<variable name="time" shape="time" type="double">
  <attribute name="units" value="milliseconds since 1858-11-17 00:00:00 UTC"/>
  <attribute name="long_name" value="Modified Julian Day"/>
  <values start="4271331600000" increment="3600000"/>
</variable>
<variable name="depth">
  <attribute name="positive" value="down"/>
</variable>
<variable name="lon">
  <attribute name="units" value="degrees_east"/>
</variable>
<variable name="lat">
  <attribute name="units" value="degrees_north"/>
</variable>
<attribute name="Conventions" value="CF-1.0" />
</netcdf>
</dataset>
<dataset name="4332sc-a.cdf" ID="DATAFILES/ECOHAB_I/4332sc-a.cdf" urlPath="DATAFILES/ECOHAB_I/4332sc-a.cdf">
<serviceName>all4services</serviceName>
<netcdf xmlns="http://www.unidata.ucar.edu/namespaces/netcdf/ncml-2.2" location="http://stellwagen.er.usgs.gov/cgi-bin/nph-dods/DATAFILES/ECOHAB_I/4332sc-a.cdf">
<variable name="time" shape="time" type="double">
  <attribute name="units" value="milliseconds since 1858-11-17 00:00:00 UTC"/>
  <attribute name="long_name" value="Modified Julian Day"/>
  <values start="4271344425000" increment="450000"/>
</variable>
<variable name="depth">
  <attribute name="positive" value="down"/>
</variable>
<variable name="lon">
  <attribute name="units" value="degrees_east"/>
</variable>
<variable name="lat">
  <attribute name="units" value="degrees_north"/>
</variable>
<attribute name="Conventions" value="CF-1.0" />
</netcdf>
</dataset>
<dataset name="4332sc-a1h.cdf" ID="DATAFILES/ECOHAB_I/4332sc-a1h.cdf" urlPath="DATAFILES/ECOHAB_I/4332sc-a1h.cdf">
<serviceName>all4services</serviceName>
<netcdf xmlns="http://www.unidata.ucar.edu/namespaces/netcdf/ncml-2.2" location="http://stellwagen.er.usgs.gov/cgi-bin/nph-dods/DATAFILES/ECOHAB_I/4332sc-a1h.cdf">
<variable name="time" shape="time" type="double">
  <attribute name="units" value="milliseconds since 1858-11-17 00:00:00 UTC"/>
  <attribute name="long_name" value="Modified Julian Day"/>
  <values start="4271346000000" increment="3600000"/>
</variable>
<variable name="depth">
  <attribute name="positive" value="down"/>
</variable>
<variable name="lon">
  <attribute name="units" value="degrees_east"/>
</variable>
<variable name="lat">
  <attribute name="units" value="degrees_north"/>
</variable>
<attribute name="Conventions" value="CF-1.0" />
</netcdf>
</dataset>
<dataset name="4333-a.cdf" ID="DATAFILES/ECOHAB_I/4333-a.cdf" urlPath="DATAFILES/ECOHAB_I/4333-a.cdf">
<serviceName>all4services</serviceName>
<netcdf xmlns="http://www.unidata.ucar.edu/namespaces/netcdf/ncml-2.2" location="http://stellwagen.er.usgs.gov/cgi-bin/nph-dods/DATAFILES/ECOHAB_I/4333-a.cdf">
<variable name="time" shape="time" type="double">
  <attribute name="units" value="milliseconds since 1858-11-17 00:00:00 UTC"/>
  <attribute name="long_name" value="Modified Julian Day"/>
  <values start="4271337225000" increment="450000"/>
</variable>
<variable name="depth">
  <attribute name="positive" value="down"/>
</variable>
<variable name="lon">
  <attribute name="units" value="degrees_east"/>
</variable>
<variable name="lat">
  <attribute name="units" value="degrees_north"/>
</variable>
<attribute name="Conventions" value="CF-1.0" />
</netcdf>
</dataset>
<dataset name="4333-a1h.cdf" ID="DATAFILES/ECOHAB_I/4333-a1h.cdf" urlPath="DATAFILES/ECOHAB_I/4333-a1h.cdf">
<serviceName>all4services</serviceName>
<netcdf xmlns="http://www.unidata.ucar.edu/namespaces/netcdf/ncml-2.2" location="http://stellwagen.er.usgs.gov/cgi-bin/nph-dods/DATAFILES/ECOHAB_I/4333-a1h.cdf">
<variable name="time" shape="time" type="double">
  <attribute name="units" value="milliseconds since 1858-11-17 00:00:00 UTC"/>
  <attribute name="long_name" value="Modified Julian Day"/>
  <values start="4271338800000" increment="3600000"/>
</variable>
<variable name="depth">
  <attribute name="positive" value="down"/>
</variable>
<variable name="lon">
  <attribute name="units" value="degrees_east"/>
</variable>
<variable name="lat">
  <attribute name="units" value="degrees_north"/>
</variable>
<attribute name="Conventions" value="CF-1.0" />
</netcdf>
</dataset>
<dataset name="4333cs-a.cdf" ID="DATAFILES/ECOHAB_I/4333cs-a.cdf" urlPath="DATAFILES/ECOHAB_I/4333cs-a.cdf">
<serviceName>all4services</serviceName>
<netcdf xmlns="http://www.unidata.ucar.edu/namespaces/netcdf/ncml-2.2" location="http://stellwagen.er.usgs.gov/cgi-bin/nph-dods/DATAFILES/ECOHAB_I/4333cs-a.cdf">
<variable name="time" shape="time" type="double">
  <attribute name="units" value="milliseconds since 1858-11-17 00:00:00 UTC"/>
  <attribute name="long_name" value="Modified Julian Day"/>
  <values start="4271337225000" increment="450000"/>
</variable>
<variable name="depth">
  <attribute name="positive" value="down"/>
</variable>
<variable name="lon">
  <attribute name="units" value="degrees_east"/>
</variable>
<variable name="lat">
  <attribute name="units" value="degrees_north"/>
</variable>
<attribute name="Conventions" value="CF-1.0" />
</netcdf>
</dataset>
<dataset name="4333cs-a1h.cdf" ID="DATAFILES/ECOHAB_I/4333cs-a1h.cdf" urlPath="DATAFILES/ECOHAB_I/4333cs-a1h.cdf">
<serviceName>all4services</serviceName>
<netcdf xmlns="http://www.unidata.ucar.edu/namespaces/netcdf/ncml-2.2" location="http://stellwagen.er.usgs.gov/cgi-bin/nph-dods/DATAFILES/ECOHAB_I/4333cs-a1h.cdf">
<variable name="time" shape="time" type="double">
  <attribute name="units" value="milliseconds since 1858-11-17 00:00:00 UTC"/>
  <attribute name="long_name" value="Modified Julian Day"/>
  <values start="4271338800000" increment="3600000"/>
</variable>
<variable name="depth">
  <attribute name="positive" value="down"/>
</variable>
<variable name="lon">
  <attribute name="units" value="degrees_east"/>
</variable>
<variable name="lat">
  <attribute name="units" value="degrees_north"/>
</variable>
<attribute name="Conventions" value="CF-1.0" />
</netcdf>
</dataset>
<dataset name="4341-a.cdf" ID="DATAFILES/ECOHAB_I/4341-a.cdf" urlPath="DATAFILES/ECOHAB_I/4341-a.cdf">
<serviceName>all4services</serviceName>
<netcdf xmlns="http://www.unidata.ucar.edu/namespaces/netcdf/ncml-2.2" location="http://stellwagen.er.usgs.gov/cgi-bin/nph-dods/DATAFILES/ECOHAB_I/4341-a.cdf">
<variable name="time" shape="time" type="double">
  <attribute name="units" value="milliseconds since 1858-11-17 00:00:00 UTC"/>
  <attribute name="long_name" value="Modified Julian Day"/>
  <values start="4271326500000" increment="600000"/>
</variable>
<variable name="depth">
  <attribute name="positive" value="down"/>
</variable>
<variable name="lon">
  <attribute name="units" value="degrees_east"/>
</variable>
<variable name="lat">
  <attribute name="units" value="degrees_north"/>
</variable>
<attribute name="Conventions" value="CF-1.0" />
</netcdf>
</dataset>
<dataset name="4341-a1h.cdf" ID="DATAFILES/ECOHAB_I/4341-a1h.cdf" urlPath="DATAFILES/ECOHAB_I/4341-a1h.cdf">
<serviceName>all4services</serviceName>
<netcdf xmlns="http://www.unidata.ucar.edu/namespaces/netcdf/ncml-2.2" location="http://stellwagen.er.usgs.gov/cgi-bin/nph-dods/DATAFILES/ECOHAB_I/4341-a1h.cdf">
<variable name="time" shape="time" type="double">
  <attribute name="units" value="milliseconds since 1858-11-17 00:00:00 UTC"/>
  <attribute name="long_name" value="Modified Julian Day"/>
  <values start="4271328000000" increment="3600000"/>
</variable>
<variable name="depth">
  <attribute name="positive" value="down"/>
</variable>
<variable name="lon">
  <attribute name="units" value="degrees_east"/>
</variable>
<variable name="lat">
  <attribute name="units" value="degrees_north"/>
</variable>
<attribute name="Conventions" value="CF-1.0" />
</netcdf>
</dataset>
<dataset name="4351-a.cdf" ID="DATAFILES/ECOHAB_I/4351-a.cdf" urlPath="DATAFILES/ECOHAB_I/4351-a.cdf">
<serviceName>all4services</serviceName>
<netcdf xmlns="http://www.unidata.ucar.edu/namespaces/netcdf/ncml-2.2" location="http://stellwagen.er.usgs.gov/cgi-bin/nph-dods/DATAFILES/ECOHAB_I/4351-a.cdf">
<variable name="time" shape="time" type="double">
  <attribute name="units" value="milliseconds since 1858-11-17 00:00:00 UTC"/>
  <attribute name="long_name" value="Modified Julian Day"/>
  <values start="4271340712000" increment="225000"/>
</variable>
<variable name="depth">
  <attribute name="positive" value="down"/>
</variable>
<variable name="lon">
  <attribute name="units" value="degrees_east"/>
</variable>
<variable name="lat">
  <attribute name="units" value="degrees_north"/>
</variable>
<attribute name="Conventions" value="CF-1.0" />
</netcdf>
</dataset>
<dataset name="4351-a1h.cdf" ID="DATAFILES/ECOHAB_I/4351-a1h.cdf" urlPath="DATAFILES/ECOHAB_I/4351-a1h.cdf">
<serviceName>all4services</serviceName>
<netcdf xmlns="http://www.unidata.ucar.edu/namespaces/netcdf/ncml-2.2" location="http://stellwagen.er.usgs.gov/cgi-bin/nph-dods/DATAFILES/ECOHAB_I/4351-a1h.cdf">
<variable name="time" shape="time" type="double">
  <attribute name="units" value="milliseconds since 1858-11-17 00:00:00 UTC"/>
  <attribute name="long_name" value="Modified Julian Day"/>
  <values start="4271342400000" increment="3600000"/>
</variable>
<variable name="depth">
  <attribute name="positive" value="down"/>
</variable>
<variable name="lon">
  <attribute name="units" value="degrees_east"/>
</variable>
<variable name="lat">
  <attribute name="units" value="degrees_north"/>
</variable>
<attribute name="Conventions" value="CF-1.0" />
</netcdf>
</dataset>
<dataset name="4351att-a.cdf" ID="DATAFILES/ECOHAB_I/4351att-a.cdf" urlPath="DATAFILES/ECOHAB_I/4351att-a.cdf">
<serviceName>all4services</serviceName>
<netcdf xmlns="http://www.unidata.ucar.edu/namespaces/netcdf/ncml-2.2" location="http://stellwagen.er.usgs.gov/cgi-bin/nph-dods/DATAFILES/ECOHAB_I/4351att-a.cdf">
<variable name="time" shape="time" type="double">
  <attribute name="units" value="milliseconds since 1858-11-17 00:00:00 UTC"/>
  <attribute name="long_name" value="Modified Julian Day"/>
  <values start="4271344425000" increment="450000"/>
</variable>
<variable name="depth">
  <attribute name="positive" value="down"/>
</variable>
<variable name="lon">
  <attribute name="units" value="degrees_east"/>
</variable>
<variable name="lat">
  <attribute name="units" value="degrees_north"/>
</variable>
<attribute name="Conventions" value="CF-1.0" />
</netcdf>
</dataset>
<dataset name="4351att-a1h.cdf" ID="DATAFILES/ECOHAB_I/4351att-a1h.cdf" urlPath="DATAFILES/ECOHAB_I/4351att-a1h.cdf">
<serviceName>all4services</serviceName>
<netcdf xmlns="http://www.unidata.ucar.edu/namespaces/netcdf/ncml-2.2" location="http://stellwagen.er.usgs.gov/cgi-bin/nph-dods/DATAFILES/ECOHAB_I/4351att-a1h.cdf">
<variable name="time" shape="time" type="double">
  <attribute name="units" value="milliseconds since 1858-11-17 00:00:00 UTC"/>
  <attribute name="long_name" value="Modified Julian Day"/>
  <values start="4271346000000" increment="3600000"/>
</variable>
<variable name="depth">
  <attribute name="positive" value="down"/>
</variable>
<variable name="lon">
  <attribute name="units" value="degrees_east"/>
</variable>
<variable name="lat">
  <attribute name="units" value="degrees_north"/>
</variable>
<attribute name="Conventions" value="CF-1.0" />
</netcdf>
</dataset>
<dataset name="4351sc-a.cdf" ID="DATAFILES/ECOHAB_I/4351sc-a.cdf" urlPath="DATAFILES/ECOHAB_I/4351sc-a.cdf">
<serviceName>all4services</serviceName>
<netcdf xmlns="http://www.unidata.ucar.edu/namespaces/netcdf/ncml-2.2" location="http://stellwagen.er.usgs.gov/cgi-bin/nph-dods/DATAFILES/ECOHAB_I/4351sc-a.cdf">
<variable name="time" shape="time" type="double">
  <attribute name="units" value="milliseconds since 1858-11-17 00:00:00 UTC"/>
  <attribute name="long_name" value="Modified Julian Day"/>
  <values start="4271344425000" increment="450000"/>
</variable>
<variable name="depth">
  <attribute name="positive" value="down"/>
</variable>
<variable name="lon">
  <attribute name="units" value="degrees_east"/>
</variable>
<variable name="lat">
  <attribute name="units" value="degrees_north"/>
</variable>
<attribute name="Conventions" value="CF-1.0" />
</netcdf>
</dataset>
<dataset name="4351sc-a1h.cdf" ID="DATAFILES/ECOHAB_I/4351sc-a1h.cdf" urlPath="DATAFILES/ECOHAB_I/4351sc-a1h.cdf">
<serviceName>all4services</serviceName>
<netcdf xmlns="http://www.unidata.ucar.edu/namespaces/netcdf/ncml-2.2" location="http://stellwagen.er.usgs.gov/cgi-bin/nph-dods/DATAFILES/ECOHAB_I/4351sc-a1h.cdf">
<variable name="time" shape="time" type="double">
  <attribute name="units" value="milliseconds since 1858-11-17 00:00:00 UTC"/>
  <attribute name="long_name" value="Modified Julian Day"/>
  <values start="4271346000000" increment="3600000"/>
</variable>
<variable name="depth">
  <attribute name="positive" value="down"/>
</variable>
<variable name="lon">
  <attribute name="units" value="degrees_east"/>
</variable>
<variable name="lat">
  <attribute name="units" value="degrees_north"/>
</variable>
<attribute name="Conventions" value="CF-1.0" />
</netcdf>
</dataset>
<dataset name="4352-a.cdf" ID="DATAFILES/ECOHAB_I/4352-a.cdf" urlPath="DATAFILES/ECOHAB_I/4352-a.cdf">
<serviceName>all4services</serviceName>
<netcdf xmlns="http://www.unidata.ucar.edu/namespaces/netcdf/ncml-2.2" location="http://stellwagen.er.usgs.gov/cgi-bin/nph-dods/DATAFILES/ECOHAB_I/4352-a.cdf">
<variable name="time" shape="time" type="double">
  <attribute name="units" value="milliseconds since 1858-11-17 00:00:00 UTC"/>
  <attribute name="long_name" value="Modified Julian Day"/>
  <values start="4271355225000" increment="450000"/>
</variable>
<variable name="depth">
  <attribute name="positive" value="down"/>
</variable>
<variable name="lon">
  <attribute name="units" value="degrees_east"/>
</variable>
<variable name="lat">
  <attribute name="units" value="degrees_north"/>
</variable>
<attribute name="Conventions" value="CF-1.0" />
</netcdf>
</dataset>
<dataset name="4352-a1h.cdf" ID="DATAFILES/ECOHAB_I/4352-a1h.cdf" urlPath="DATAFILES/ECOHAB_I/4352-a1h.cdf">
<serviceName>all4services</serviceName>
<netcdf xmlns="http://www.unidata.ucar.edu/namespaces/netcdf/ncml-2.2" location="http://stellwagen.er.usgs.gov/cgi-bin/nph-dods/DATAFILES/ECOHAB_I/4352-a1h.cdf">
<variable name="time" shape="time" type="double">
  <attribute name="units" value="milliseconds since 1858-11-17 00:00:00 UTC"/>
  <attribute name="long_name" value="Modified Julian Day"/>
  <values start="4271356800000" increment="3600000"/>
</variable>
<variable name="depth">
  <attribute name="positive" value="down"/>
</variable>
<variable name="lon">
  <attribute name="units" value="degrees_east"/>
</variable>
<variable name="lat">
  <attribute name="units" value="degrees_north"/>
</variable>
<attribute name="Conventions" value="CF-1.0" />
</netcdf>
</dataset>
<dataset name="4352cs-a.cdf" ID="DATAFILES/ECOHAB_I/4352cs-a.cdf" urlPath="DATAFILES/ECOHAB_I/4352cs-a.cdf">
<serviceName>all4services</serviceName>
<netcdf xmlns="http://www.unidata.ucar.edu/namespaces/netcdf/ncml-2.2" location="http://stellwagen.er.usgs.gov/cgi-bin/nph-dods/DATAFILES/ECOHAB_I/4352cs-a.cdf">
<variable name="time" shape="time" type="double">
  <attribute name="units" value="milliseconds since 1858-11-17 00:00:00 UTC"/>
  <attribute name="long_name" value="Modified Julian Day"/>
  <values start="4271355225000" increment="450000"/>
</variable>
<variable name="depth">
  <attribute name="positive" value="down"/>
</variable>
<variable name="lon">
  <attribute name="units" value="degrees_east"/>
</variable>
<variable name="lat">
  <attribute name="units" value="degrees_north"/>
</variable>
<attribute name="Conventions" value="CF-1.0" />
</netcdf>
</dataset>
<dataset name="4352cs-a1h.cdf" ID="DATAFILES/ECOHAB_I/4352cs-a1h.cdf" urlPath="DATAFILES/ECOHAB_I/4352cs-a1h.cdf">
<serviceName>all4services</serviceName>
<netcdf xmlns="http://www.unidata.ucar.edu/namespaces/netcdf/ncml-2.2" location="http://stellwagen.er.usgs.gov/cgi-bin/nph-dods/DATAFILES/ECOHAB_I/4352cs-a1h.cdf">
<variable name="time" shape="time" type="double">
  <attribute name="units" value="milliseconds since 1858-11-17 00:00:00 UTC"/>
  <attribute name="long_name" value="Modified Julian Day"/>
  <values start="4271356800000" increment="3600000"/>
</variable>
<variable name="depth">
  <attribute name="positive" value="down"/>
</variable>
<variable name="lon">
  <attribute name="units" value="degrees_east"/>
</variable>
<variable name="lat">
  <attribute name="units" value="degrees_north"/>
</variable>
<attribute name="Conventions" value="CF-1.0" />
</netcdf>
</dataset>
<dataset name="4353-a.cdf" ID="DATAFILES/ECOHAB_I/4353-a.cdf" urlPath="DATAFILES/ECOHAB_I/4353-a.cdf">
<serviceName>all4services</serviceName>
<netcdf xmlns="http://www.unidata.ucar.edu/namespaces/netcdf/ncml-2.2" location="http://stellwagen.er.usgs.gov/cgi-bin/nph-dods/DATAFILES/ECOHAB_I/4353-a.cdf">
<variable name="time" shape="time" type="double">
  <attribute name="units" value="milliseconds since 1858-11-17 00:00:00 UTC"/>
  <attribute name="long_name" value="Modified Julian Day"/>
  <values start="4271362425000" increment="450000"/>
</variable>
<variable name="depth">
  <attribute name="positive" value="down"/>
</variable>
<variable name="lon">
  <attribute name="units" value="degrees_east"/>
</variable>
<variable name="lat">
  <attribute name="units" value="degrees_north"/>
</variable>
<attribute name="Conventions" value="CF-1.0" />
</netcdf>
</dataset>
<dataset name="4353-a1h.cdf" ID="DATAFILES/ECOHAB_I/4353-a1h.cdf" urlPath="DATAFILES/ECOHAB_I/4353-a1h.cdf">
<serviceName>all4services</serviceName>
<netcdf xmlns="http://www.unidata.ucar.edu/namespaces/netcdf/ncml-2.2" location="http://stellwagen.er.usgs.gov/cgi-bin/nph-dods/DATAFILES/ECOHAB_I/4353-a1h.cdf">
<variable name="time" shape="time" type="double">
  <attribute name="units" value="milliseconds since 1858-11-17 00:00:00 UTC"/>
  <attribute name="long_name" value="Modified Julian Day"/>
  <values start="4271364000000" increment="3600000"/>
</variable>
<variable name="depth">
  <attribute name="positive" value="down"/>
</variable>
<variable name="lon">
  <attribute name="units" value="degrees_east"/>
</variable>
<variable name="lat">
  <attribute name="units" value="degrees_north"/>
</variable>
<attribute name="Conventions" value="CF-1.0" />
</netcdf>
</dataset>
<dataset name="4353sc-a.cdf" ID="DATAFILES/ECOHAB_I/4353sc-a.cdf" urlPath="DATAFILES/ECOHAB_I/4353sc-a.cdf">
<serviceName>all4services</serviceName>
<netcdf xmlns="http://www.unidata.ucar.edu/namespaces/netcdf/ncml-2.2" location="http://stellwagen.er.usgs.gov/cgi-bin/nph-dods/DATAFILES/ECOHAB_I/4353sc-a.cdf">
<variable name="time" shape="time" type="double">
  <attribute name="units" value="milliseconds since 1858-11-17 00:00:00 UTC"/>
  <attribute name="long_name" value="Modified Julian Day"/>
  <values start="4271355225000" increment="450000"/>
</variable>
<variable name="depth">
  <attribute name="positive" value="down"/>
</variable>
<variable name="lon">
  <attribute name="units" value="degrees_east"/>
</variable>
<variable name="lat">
  <attribute name="units" value="degrees_north"/>
</variable>
<attribute name="Conventions" value="CF-1.0" />
</netcdf>
</dataset>
<dataset name="4353sc-a1h.cdf" ID="DATAFILES/ECOHAB_I/4353sc-a1h.cdf" urlPath="DATAFILES/ECOHAB_I/4353sc-a1h.cdf">
<serviceName>all4services</serviceName>
<netcdf xmlns="http://www.unidata.ucar.edu/namespaces/netcdf/ncml-2.2" location="http://stellwagen.er.usgs.gov/cgi-bin/nph-dods/DATAFILES/ECOHAB_I/4353sc-a1h.cdf">
<variable name="time" shape="time" type="double">
  <attribute name="units" value="milliseconds since 1858-11-17 00:00:00 UTC"/>
  <attribute name="long_name" value="Modified Julian Day"/>
  <values start="4271356800000" increment="3600000"/>
</variable>
<variable name="depth">
  <attribute name="positive" value="down"/>
</variable>
<variable name="lon">
  <attribute name="units" value="degrees_east"/>
</variable>
<variable name="lat">
  <attribute name="units" value="degrees_north"/>
</variable>
<attribute name="Conventions" value="CF-1.0" />
</netcdf>
</dataset>
<dataset name="4361-a.cdf" ID="DATAFILES/ECOHAB_I/4361-a.cdf" urlPath="DATAFILES/ECOHAB_I/4361-a.cdf">
<serviceName>all4services</serviceName>
<netcdf xmlns="http://www.unidata.ucar.edu/namespaces/netcdf/ncml-2.2" location="http://stellwagen.er.usgs.gov/cgi-bin/nph-dods/DATAFILES/ECOHAB_I/4361-a.cdf">
<variable name="time" shape="time" type="double">
  <attribute name="units" value="milliseconds since 1858-11-17 00:00:00 UTC"/>
  <attribute name="long_name" value="Modified Julian Day"/>
  <values start="4271351512000" increment="225000"/>
</variable>
<variable name="depth">
  <attribute name="positive" value="down"/>
</variable>
<variable name="lon">
  <attribute name="units" value="degrees_east"/>
</variable>
<variable name="lat">
  <attribute name="units" value="degrees_north"/>
</variable>
<attribute name="Conventions" value="CF-1.0" />
</netcdf>
</dataset>
<dataset name="4361-a1h.cdf" ID="DATAFILES/ECOHAB_I/4361-a1h.cdf" urlPath="DATAFILES/ECOHAB_I/4361-a1h.cdf">
<serviceName>all4services</serviceName>
<netcdf xmlns="http://www.unidata.ucar.edu/namespaces/netcdf/ncml-2.2" location="http://stellwagen.er.usgs.gov/cgi-bin/nph-dods/DATAFILES/ECOHAB_I/4361-a1h.cdf">
<variable name="time" shape="time" type="double">
  <attribute name="units" value="milliseconds since 1858-11-17 00:00:00 UTC"/>
  <attribute name="long_name" value="Modified Julian Day"/>
  <values start="4271353200000" increment="3600000"/>
</variable>
<variable name="depth">
  <attribute name="positive" value="down"/>
</variable>
<variable name="lon">
  <attribute name="units" value="degrees_east"/>
</variable>
<variable name="lat">
  <attribute name="units" value="degrees_north"/>
</variable>
<attribute name="Conventions" value="CF-1.0" />
</netcdf>
</dataset>
<dataset name="4361att-a.cdf" ID="DATAFILES/ECOHAB_I/4361att-a.cdf" urlPath="DATAFILES/ECOHAB_I/4361att-a.cdf">
<serviceName>all4services</serviceName>
<netcdf xmlns="http://www.unidata.ucar.edu/namespaces/netcdf/ncml-2.2" location="http://stellwagen.er.usgs.gov/cgi-bin/nph-dods/DATAFILES/ECOHAB_I/4361att-a.cdf">
<variable name="time" shape="time" type="double">
  <attribute name="units" value="milliseconds since 1858-11-17 00:00:00 UTC"/>
  <attribute name="long_name" value="Modified Julian Day"/>
  <values start="4271351625000" increment="450000"/>
</variable>
<variable name="depth">
  <attribute name="positive" value="down"/>
</variable>
<variable name="lon">
  <attribute name="units" value="degrees_east"/>
</variable>
<variable name="lat">
  <attribute name="units" value="degrees_north"/>
</variable>
<attribute name="Conventions" value="CF-1.0" />
</netcdf>
</dataset>
<dataset name="4361att-a1h.cdf" ID="DATAFILES/ECOHAB_I/4361att-a1h.cdf" urlPath="DATAFILES/ECOHAB_I/4361att-a1h.cdf">
<serviceName>all4services</serviceName>
<netcdf xmlns="http://www.unidata.ucar.edu/namespaces/netcdf/ncml-2.2" location="http://stellwagen.er.usgs.gov/cgi-bin/nph-dods/DATAFILES/ECOHAB_I/4361att-a1h.cdf">
<variable name="time" shape="time" type="double">
  <attribute name="units" value="milliseconds since 1858-11-17 00:00:00 UTC"/>
  <attribute name="long_name" value="Modified Julian Day"/>
  <values start="4271353200000" increment="3600000"/>
</variable>
<variable name="depth">
  <attribute name="positive" value="down"/>
</variable>
<variable name="lon">
  <attribute name="units" value="degrees_east"/>
</variable>
<variable name="lat">
  <attribute name="units" value="degrees_north"/>
</variable>
<attribute name="Conventions" value="CF-1.0" />
</netcdf>
</dataset>
<dataset name="4361sc-a.cdf" ID="DATAFILES/ECOHAB_I/4361sc-a.cdf" urlPath="DATAFILES/ECOHAB_I/4361sc-a.cdf">
<serviceName>all4services</serviceName>
<netcdf xmlns="http://www.unidata.ucar.edu/namespaces/netcdf/ncml-2.2" location="http://stellwagen.er.usgs.gov/cgi-bin/nph-dods/DATAFILES/ECOHAB_I/4361sc-a.cdf">
<variable name="time" shape="time" type="double">
  <attribute name="units" value="milliseconds since 1858-11-17 00:00:00 UTC"/>
  <attribute name="long_name" value="Modified Julian Day"/>
  <values start="4271351625000" increment="450000"/>
</variable>
<variable name="depth">
  <attribute name="positive" value="down"/>
</variable>
<variable name="lon">
  <attribute name="units" value="degrees_east"/>
</variable>
<variable name="lat">
  <attribute name="units" value="degrees_north"/>
</variable>
<attribute name="Conventions" value="CF-1.0" />
</netcdf>
</dataset>
<dataset name="4361sc-a1h.cdf" ID="DATAFILES/ECOHAB_I/4361sc-a1h.cdf" urlPath="DATAFILES/ECOHAB_I/4361sc-a1h.cdf">
<serviceName>all4services</serviceName>
<netcdf xmlns="http://www.unidata.ucar.edu/namespaces/netcdf/ncml-2.2" location="http://stellwagen.er.usgs.gov/cgi-bin/nph-dods/DATAFILES/ECOHAB_I/4361sc-a1h.cdf">
<variable name="time" shape="time" type="double">
  <attribute name="units" value="milliseconds since 1858-11-17 00:00:00 UTC"/>
  <attribute name="long_name" value="Modified Julian Day"/>
  <values start="4271353200000" increment="3600000"/>
</variable>
<variable name="depth">
  <attribute name="positive" value="down"/>
</variable>
<variable name="lon">
  <attribute name="units" value="degrees_east"/>
</variable>
<variable name="lat">
  <attribute name="units" value="degrees_north"/>
</variable>
<attribute name="Conventions" value="CF-1.0" />
</netcdf>
</dataset>
<dataset name="4362-a.cdf" ID="DATAFILES/ECOHAB_I/4362-a.cdf" urlPath="DATAFILES/ECOHAB_I/4362-a.cdf">
<serviceName>all4services</serviceName>
<netcdf xmlns="http://www.unidata.ucar.edu/namespaces/netcdf/ncml-2.2" location="http://stellwagen.er.usgs.gov/cgi-bin/nph-dods/DATAFILES/ECOHAB_I/4362-a.cdf">
<variable name="time" shape="time" type="double">
  <attribute name="units" value="milliseconds since 1858-11-17 00:00:00 UTC"/>
  <attribute name="long_name" value="Modified Julian Day"/>
  <values start="4271358825000" increment="450000"/>
</variable>
<variable name="depth">
  <attribute name="positive" value="down"/>
</variable>
<variable name="lon">
  <attribute name="units" value="degrees_east"/>
</variable>
<variable name="lat">
  <attribute name="units" value="degrees_north"/>
</variable>
<attribute name="Conventions" value="CF-1.0" />
</netcdf>
</dataset>
<dataset name="4362-a1h.cdf" ID="DATAFILES/ECOHAB_I/4362-a1h.cdf" urlPath="DATAFILES/ECOHAB_I/4362-a1h.cdf">
<serviceName>all4services</serviceName>
<netcdf xmlns="http://www.unidata.ucar.edu/namespaces/netcdf/ncml-2.2" location="http://stellwagen.er.usgs.gov/cgi-bin/nph-dods/DATAFILES/ECOHAB_I/4362-a1h.cdf">
<variable name="time" shape="time" type="double">
  <attribute name="units" value="milliseconds since 1858-11-17 00:00:00 UTC"/>
  <attribute name="long_name" value="Modified Julian Day"/>
  <values start="4271360400000" increment="3600000"/>
</variable>
<variable name="depth">
  <attribute name="positive" value="down"/>
</variable>
<variable name="lon">
  <attribute name="units" value="degrees_east"/>
</variable>
<variable name="lat">
  <attribute name="units" value="degrees_north"/>
</variable>
<attribute name="Conventions" value="CF-1.0" />
</netcdf>
</dataset>
<dataset name="4362cs-a.cdf" ID="DATAFILES/ECOHAB_I/4362cs-a.cdf" urlPath="DATAFILES/ECOHAB_I/4362cs-a.cdf">
<serviceName>all4services</serviceName>
<netcdf xmlns="http://www.unidata.ucar.edu/namespaces/netcdf/ncml-2.2" location="http://stellwagen.er.usgs.gov/cgi-bin/nph-dods/DATAFILES/ECOHAB_I/4362cs-a.cdf">
<variable name="time" shape="time" type="double">
  <attribute name="units" value="milliseconds since 1858-11-17 00:00:00 UTC"/>
  <attribute name="long_name" value="Modified Julian Day"/>
  <values start="4271358825000" increment="450000"/>
</variable>
<variable name="depth">
  <attribute name="positive" value="down"/>
</variable>
<variable name="lon">
  <attribute name="units" value="degrees_east"/>
</variable>
<variable name="lat">
  <attribute name="units" value="degrees_north"/>
</variable>
<attribute name="Conventions" value="CF-1.0" />
</netcdf>
</dataset>
<dataset name="4362cs-a1h.cdf" ID="DATAFILES/ECOHAB_I/4362cs-a1h.cdf" urlPath="DATAFILES/ECOHAB_I/4362cs-a1h.cdf">
<serviceName>all4services</serviceName>
<netcdf xmlns="http://www.unidata.ucar.edu/namespaces/netcdf/ncml-2.2" location="http://stellwagen.er.usgs.gov/cgi-bin/nph-dods/DATAFILES/ECOHAB_I/4362cs-a1h.cdf">
<variable name="time" shape="time" type="double">
  <attribute name="units" value="milliseconds since 1858-11-17 00:00:00 UTC"/>
  <attribute name="long_name" value="Modified Julian Day"/>
  <values start="4271360400000" increment="3600000"/>
</variable>
<variable name="depth">
  <attribute name="positive" value="down"/>
</variable>
<variable name="lon">
  <attribute name="units" value="degrees_east"/>
</variable>
<variable name="lat">
  <attribute name="units" value="degrees_north"/>
</variable>
<attribute name="Conventions" value="CF-1.0" />
</netcdf>
</dataset>
<dataset name="4362t-a.cdf" ID="DATAFILES/ECOHAB_I/4362t-a.cdf" urlPath="DATAFILES/ECOHAB_I/4362t-a.cdf">
<serviceName>all4services</serviceName>
<netcdf xmlns="http://www.unidata.ucar.edu/namespaces/netcdf/ncml-2.2" location="http://stellwagen.er.usgs.gov/cgi-bin/nph-dods/DATAFILES/ECOHAB_I/4362t-a.cdf">
<variable name="time" shape="time" type="double">
  <attribute name="units" value="milliseconds since 1858-11-17 00:00:00 UTC"/>
  <attribute name="long_name" value="Modified Julian Day"/>
  <values start="4271358825000" increment="450000"/>
</variable>
<variable name="depth">
  <attribute name="positive" value="down"/>
</variable>
<variable name="lon">
  <attribute name="units" value="degrees_east"/>
</variable>
<variable name="lat">
  <attribute name="units" value="degrees_north"/>
</variable>
<attribute name="Conventions" value="CF-1.0" />
</netcdf>
</dataset>
<dataset name="4362t-a1h.cdf" ID="DATAFILES/ECOHAB_I/4362t-a1h.cdf" urlPath="DATAFILES/ECOHAB_I/4362t-a1h.cdf">
<serviceName>all4services</serviceName>
<netcdf xmlns="http://www.unidata.ucar.edu/namespaces/netcdf/ncml-2.2" location="http://stellwagen.er.usgs.gov/cgi-bin/nph-dods/DATAFILES/ECOHAB_I/4362t-a1h.cdf">
<variable name="time" shape="time" type="double">
  <attribute name="units" value="milliseconds since 1858-11-17 00:00:00 UTC"/>
  <attribute name="long_name" value="Modified Julian Day"/>
  <values start="4271360400000" increment="3600000"/>
</variable>
<variable name="depth">
  <attribute name="positive" value="down"/>
</variable>
<variable name="lon">
  <attribute name="units" value="degrees_east"/>
</variable>
<variable name="lat">
  <attribute name="units" value="degrees_north"/>
</variable>
<attribute name="Conventions" value="CF-1.0" />
</netcdf>
</dataset>
<dataset name="4471p-a.cdf" ID="DATAFILES/ECOHAB_I/4471p-a.cdf" urlPath="DATAFILES/ECOHAB_I/4471p-a.cdf">
<serviceName>all4services</serviceName>
<netcdf xmlns="http://www.unidata.ucar.edu/namespaces/netcdf/ncml-2.2" location="http://stellwagen.er.usgs.gov/cgi-bin/nph-dods/DATAFILES/ECOHAB_I/4471p-a.cdf">
<variable name="time" shape="time" type="double">
  <attribute name="units" value="milliseconds since 1858-11-17 00:00:00 UTC"/>
  <attribute name="long_name" value="Modified Julian Day"/>
  <values start="4288168500000" increment="600000"/>
</variable>
<variable name="depth">
  <attribute name="positive" value="down"/>
</variable>
<variable name="lon">
  <attribute name="units" value="degrees_east"/>
</variable>
<variable name="lat">
  <attribute name="units" value="degrees_north"/>
</variable>
<attribute name="Conventions" value="CF-1.0" />
</netcdf>
</dataset>
<dataset name="4471p-a1h.cdf" ID="DATAFILES/ECOHAB_I/4471p-a1h.cdf" urlPath="DATAFILES/ECOHAB_I/4471p-a1h.cdf">
<serviceName>all4services</serviceName>
<netcdf xmlns="http://www.unidata.ucar.edu/namespaces/netcdf/ncml-2.2" location="http://stellwagen.er.usgs.gov/cgi-bin/nph-dods/DATAFILES/ECOHAB_I/4471p-a1h.cdf">
<variable name="time" shape="time" type="double">
  <attribute name="units" value="milliseconds since 1858-11-17 00:00:00 UTC"/>
  <attribute name="long_name" value="Modified Julian Day"/>
  <values start="4288172400000" increment="3600000"/>
</variable>
<variable name="depth">
  <attribute name="positive" value="down"/>
</variable>
<variable name="lon">
  <attribute name="units" value="degrees_east"/>
</variable>
<variable name="lat">
  <attribute name="units" value="degrees_north"/>
</variable>
<attribute name="Conventions" value="CF-1.0" />
</netcdf>
</dataset>
<dataset name="4491p-a.cdf" ID="DATAFILES/ECOHAB_I/4491p-a.cdf" urlPath="DATAFILES/ECOHAB_I/4491p-a.cdf">
<serviceName>all4services</serviceName>
<netcdf xmlns="http://www.unidata.ucar.edu/namespaces/netcdf/ncml-2.2" location="http://stellwagen.er.usgs.gov/cgi-bin/nph-dods/DATAFILES/ECOHAB_I/4491p-a.cdf">
<variable name="time" shape="time" type="double">
  <attribute name="units" value="milliseconds since 1858-11-17 00:00:00 UTC"/>
  <attribute name="long_name" value="Modified Julian Day"/>
  <values start="4291803300000" increment="600000"/>
</variable>
<variable name="depth">
  <attribute name="positive" value="down"/>
</variable>
<variable name="lon">
  <attribute name="units" value="degrees_east"/>
</variable>
<variable name="lat">
  <attribute name="units" value="degrees_north"/>
</variable>
<attribute name="Conventions" value="CF-1.0" />
</netcdf>
</dataset>
<dataset name="4491p-a1h.cdf" ID="DATAFILES/ECOHAB_I/4491p-a1h.cdf" urlPath="DATAFILES/ECOHAB_I/4491p-a1h.cdf">
<serviceName>all4services</serviceName>
<netcdf xmlns="http://www.unidata.ucar.edu/namespaces/netcdf/ncml-2.2" location="http://stellwagen.er.usgs.gov/cgi-bin/nph-dods/DATAFILES/ECOHAB_I/4491p-a1h.cdf">
<variable name="time" shape="time" type="double">
  <attribute name="units" value="milliseconds since 1858-11-17 00:00:00 UTC"/>
  <attribute name="long_name" value="Modified Julian Day"/>
  <values start="4291804800000" increment="3600000"/>
</variable>
<variable name="depth">
  <attribute name="positive" value="down"/>
</variable>
<variable name="lon">
  <attribute name="units" value="degrees_east"/>
</variable>
<variable name="lat">
  <attribute name="units" value="degrees_north"/>
</variable>
<attribute name="Conventions" value="CF-1.0" />
</netcdf>
</dataset>
<dataset name="4531p-a1h.cdf" ID="DATAFILES/ECOHAB_I/4531p-a1h.cdf" urlPath="DATAFILES/ECOHAB_I/4531p-a1h.cdf">
<serviceName>all4services</serviceName>
<netcdf xmlns="http://www.unidata.ucar.edu/namespaces/netcdf/ncml-2.2" location="http://stellwagen.er.usgs.gov/cgi-bin/nph-dods/DATAFILES/ECOHAB_I/4531p-a1h.cdf">
<variable name="time" shape="time" type="double">
  <attribute name="units" value="milliseconds since 1858-11-17 00:00:00 UTC"/>
  <attribute name="long_name" value="Modified Julian Day"/>
  <values start="4300286400000" increment="3600000"/>
</variable>
<variable name="depth">
  <attribute name="positive" value="down"/>
</variable>
<variable name="lon">
  <attribute name="units" value="degrees_east"/>
</variable>
<variable name="lat">
  <attribute name="units" value="degrees_north"/>
</variable>
<attribute name="Conventions" value="CF-1.0" />
</netcdf>
</dataset>
<dataset name="4151-a1hlp.nc" ID="DATAFILES/ECOHAB_I/4151-a1hlp.nc" urlPath="DATAFILES/ECOHAB_I/4151-a1hlp.nc">
<serviceName>all4services</serviceName>
<netcdf xmlns="http://www.unidata.ucar.edu/namespaces/netcdf/ncml-2.2" location="http://stellwagen.er.usgs.gov/cgi-bin/nph-dods/DATAFILES/ECOHAB_I/4151-a1hlp.nc">
<variable name="time" shape="time" type="double">
  <attribute name="units" value="milliseconds since 1858-11-17 00:00:00 UTC"/>
  <attribute name="long_name" value="Modified Julian Day"/>
  <values start="4239421200000" increment="3600000"/>
</variable>
<variable name="depth">
  <attribute name="positive" value="down"/>
</variable>
<variable name="lon">
  <attribute name="units" value="degrees_east"/>
</variable>
<variable name="lat">
  <attribute name="units" value="degrees_north"/>
</variable>
<attribute name="Conventions" value="CF-1.0" />
</netcdf>
</dataset>
<dataset name="4152-a1hlp.nc" ID="DATAFILES/ECOHAB_I/4152-a1hlp.nc" urlPath="DATAFILES/ECOHAB_I/4152-a1hlp.nc">
<serviceName>all4services</serviceName>
<netcdf xmlns="http://www.unidata.ucar.edu/namespaces/netcdf/ncml-2.2" location="http://stellwagen.er.usgs.gov/cgi-bin/nph-dods/DATAFILES/ECOHAB_I/4152-a1hlp.nc">
<variable name="time" shape="time" type="double">
  <attribute name="units" value="milliseconds since 1858-11-17 00:00:00 UTC"/>
  <attribute name="long_name" value="Modified Julian Day"/>
  <values start="4239424800000" increment="3600000"/>
</variable>
<variable name="depth">
  <attribute name="positive" value="down"/>
</variable>
<variable name="lon">
  <attribute name="units" value="degrees_east"/>
</variable>
<variable name="lat">
  <attribute name="units" value="degrees_north"/>
</variable>
<attribute name="Conventions" value="CF-1.0" />
</netcdf>
</dataset>
<dataset name="4153-a1hlp.nc" ID="DATAFILES/ECOHAB_I/4153-a1hlp.nc" urlPath="DATAFILES/ECOHAB_I/4153-a1hlp.nc">
<serviceName>all4services</serviceName>
<netcdf xmlns="http://www.unidata.ucar.edu/namespaces/netcdf/ncml-2.2" location="http://stellwagen.er.usgs.gov/cgi-bin/nph-dods/DATAFILES/ECOHAB_I/4153-a1hlp.nc">
<variable name="time" shape="time" type="double">
  <attribute name="units" value="milliseconds since 1858-11-17 00:00:00 UTC"/>
  <attribute name="long_name" value="Modified Julian Day"/>
  <values start="4239428400000" increment="3600000"/>
</variable>
<variable name="depth">
  <attribute name="positive" value="down"/>
</variable>
<variable name="lon">
  <attribute name="units" value="degrees_east"/>
</variable>
<variable name="lat">
  <attribute name="units" value="degrees_north"/>
</variable>
<attribute name="Conventions" value="CF-1.0" />
</netcdf>
</dataset>
<dataset name="4161-a1hlp.nc" ID="DATAFILES/ECOHAB_I/4161-a1hlp.nc" urlPath="DATAFILES/ECOHAB_I/4161-a1hlp.nc">
<serviceName>all4services</serviceName>
<netcdf xmlns="http://www.unidata.ucar.edu/namespaces/netcdf/ncml-2.2" location="http://stellwagen.er.usgs.gov/cgi-bin/nph-dods/DATAFILES/ECOHAB_I/4161-a1hlp.nc">
<variable name="time" shape="time" type="double">
  <attribute name="units" value="milliseconds since 1858-11-17 00:00:00 UTC"/>
  <attribute name="long_name" value="Modified Julian Day"/>
  <values start="4239471600000" increment="3600000"/>
</variable>
<variable name="depth">
  <attribute name="positive" value="down"/>
</variable>
<variable name="lon">
  <attribute name="units" value="degrees_east"/>
</variable>
<variable name="lat">
  <attribute name="units" value="degrees_north"/>
</variable>
<attribute name="Conventions" value="CF-1.0" />
</netcdf>
</dataset>
<dataset name="4162-a1hlp.nc" ID="DATAFILES/ECOHAB_I/4162-a1hlp.nc" urlPath="DATAFILES/ECOHAB_I/4162-a1hlp.nc">
<serviceName>all4services</serviceName>
<netcdf xmlns="http://www.unidata.ucar.edu/namespaces/netcdf/ncml-2.2" location="http://stellwagen.er.usgs.gov/cgi-bin/nph-dods/DATAFILES/ECOHAB_I/4162-a1hlp.nc">
<variable name="time" shape="time" type="double">
  <attribute name="units" value="milliseconds since 1858-11-17 00:00:00 UTC"/>
  <attribute name="long_name" value="Modified Julian Day"/>
  <values start="4239475200000" increment="3600000"/>
</variable>
<variable name="depth">
  <attribute name="positive" value="down"/>
</variable>
<variable name="lon">
  <attribute name="units" value="degrees_east"/>
</variable>
<variable name="lat">
  <attribute name="units" value="degrees_north"/>
</variable>
<attribute name="Conventions" value="CF-1.0" />
</netcdf>
</dataset>
<dataset name="4163-a1hlp.nc" ID="DATAFILES/ECOHAB_I/4163-a1hlp.nc" urlPath="DATAFILES/ECOHAB_I/4163-a1hlp.nc">
<serviceName>all4services</serviceName>
<netcdf xmlns="http://www.unidata.ucar.edu/namespaces/netcdf/ncml-2.2" location="http://stellwagen.er.usgs.gov/cgi-bin/nph-dods/DATAFILES/ECOHAB_I/4163-a1hlp.nc">
<variable name="time" shape="time" type="double">
  <attribute name="units" value="milliseconds since 1858-11-17 00:00:00 UTC"/>
  <attribute name="long_name" value="Modified Julian Day"/>
  <values start="4239478800000" increment="3600000"/>
</variable>
<variable name="depth">
  <attribute name="positive" value="down"/>
</variable>
<variable name="lon">
  <attribute name="units" value="degrees_east"/>
</variable>
<variable name="lat">
  <attribute name="units" value="degrees_north"/>
</variable>
<attribute name="Conventions" value="CF-1.0" />
</netcdf>
</dataset> 
  </dataset>
    </catalog>
          
