<?xml version="1.0" encoding="UTF-8"?>
<catalog xmlns:xsi="http://www.w3.org/2001/XMLSchema-instance"
    xsi:schemaLocation="http://www.unidata.ucar.edu/namespaces/thredds/InvCatalog/v1.0 http://www.unidata.ucar.edu/schemas/thredds/InvCatalog.1.0.3.xsd"
    xmlns="http://www.unidata.ucar.edu/namespaces/thredds/InvCatalog/v1.0"
    xmlns:xlink="http://www.w3.org/1999/xlink" name="OPeNDAP Data Server" version="1.0.3">
    <service name="allServices" serviceType="Compound" base="">
        <service name="odap" serviceType="OpenDAP" base="/thredds/dodsC/"/>
        <service name="wms" serviceType="WMS" base="/thredds/wms/"/>
        <service name="ncss" serviceType="NetcdfSubset" base="/thredds/ncss/"/>
        <service name="ncml" serviceType="NCML" base="/thredds/ncml/"/>
        <service name="uddc" serviceType="UDDC" base="/thredds/uddc/"/>
        <service name="iso" serviceType="ISO" base="/thredds/iso/"/>
    </service>

    <dataset name="CBOFS Forecast Aggregation" ID="CBOFS">
        <metadata inherited="true">
            <documentation xlink:href="http://tidesandcurrents.noaa.gov/ofs/cbofs/cbofs.html"
                xlink:title="Chesapeake Bay Operational Forecast System Home Page"/>
            <authority>gov.noaa.nos.co-ops</authority>
            <serviceName>allServices</serviceName>
            <dataType>Grid</dataType>
            <dataFormat>NetCDF</dataFormat>
        </metadata>
        <featureCollection name="Aggregated 7 day CBOFS Fields Forecast" featureType="FMRC"
            harvest="true" path="CBOFS/fmrc">
            <!-- 
                Inside the featureCollection, but outside the protoDataset, we define the NcML that happens
                before the aggregation.  To get aggregated, we must have grids, so we turn the bed params
                into grids by giving them a psuedo coordinate in Z.  If we don't do this, they will not be 
                aggregated. 
            -->
            <netcdf xmlns="http://www.unidata.ucar.edu/namespaces/netcdf/ncml-2.2">
                <!--Change conventions from COARDS to CF-1.6 -->
                <attribute name="Conventions" value="CF-1.6"/>
                <!-- Curvilinear grids need "coordinates" attribute for each data variable-->
                <!--The "positive" attribute is only for the z coordinate variable, so remove it from depth and elevation-->
                <variable name="zeta">
                    <attribute name="coordinates" value="lon_rho lat_rho ocean_time"/>
                    <attribute name="missing_value" type="double" value="0.0"/>
                    <attribute name="standard_name" value="sea_surface_height"/>
                    <remove name="positive" type="attribute"/>
                </variable>
                <variable name="s_rho">
                    <attribute name="standard_name" value="ocean_s_coordinate_g1"/>
                    <attribute name="positive" value="up"/>
                </variable>
                <variable name="s_w">
                    <attribute name="standard_name" value="ocean_s_coordinate_g1"/>
                    <attribute name="positive" value="up"/>
                </variable>
                <variable name="mask_rho">
                    <attribute name="coordinates" value="lon_rho lat_rho"/>
                </variable>
                <variable name="f">
                    <attribute name="missing_value" type="double" value="0.0"/>
                    <attribute name="coordinates" value="lon_rho lat_rho"/>
                </variable>
                <variable name="h">
                    <attribute name="coordinates" value="lon_rho lat_rho"/>
                    <attribute name="missing_value" type="double" value="2.0"/>
                    <attribute name="standard_name" value="sea_floor_depth"/>
                </variable>
                <variable name="mask_u">
                    <attribute name="coordinates" value="lon_u lat_u"/>
                </variable>
                <variable name="mask_v">
                    <attribute name="coordinates" value="lon_v lat_v"/>
                </variable>
                <variable name="Uwind">
                    <attribute name="coordinates" value="lon_rho lat_rho ocean_time"/>
                    <attribute name="missing_value" type="double" value="0.0"/>
                    <attribute name="standard_name" value="grid_eastward_wind"/>
                </variable>
                <variable name="Vwind">
                    <attribute name="coordinates" value="lon_rho lat_rho ocean_time"/>
                    <attribute name="missing_value" type="double" value="0.0"/>
                    <attribute name="standard_name" value="grid_northward_wind"/>
                </variable>
                <variable name="Pair">
                    <attribute name="coordinates" value="lon_rho lat_rho ocean_time"/>
                    <attribute name="missing_value" type="double" value="0.0"/>
                    <attribute name="standard_name" value="surface_air_pressure"/>
                </variable>
                <variable name="temp">
                    <attribute name="coordinates" value="lon_rho lat_rho s_rho ocean_time"/>
                    <attribute name="missing_value" type="double" value="0.0"/>
                    <attribute name="standard_name" value="sea_water_temperature"/>
                </variable>
                <variable name="salt">
                    <attribute name="coordinates" value="lon_rho lat_rho s_rho ocean_time"/>
                    <attribute name="missing_value" type="double" value="0.0"/>
                    <attribute name="standard_name" value="sea_water_salinity"/>
                </variable>
                <variable name="u">
                    <attribute name="coordinates" value="lon_u lat_u s_rho ocean_time"/>
                    <attribute name="missing_value" type="double" value="0.0"/>
                    <attribute name="standard_name" value="grid_eastward_sea_water_velocity"/>
                </variable>
                <variable name="v">
                    <attribute name="coordinates" value="lon_v lat_v s_rho ocean_time"/>
                    <attribute name="missing_value" type="double" value="0.0"/>
                    <attribute name="standard_name" value="grid_northward_sea_water_velocity"/>
                </variable>
                <variable name="w">
                    <attribute name="coordinates" value="lon_v lat_v s_w ocean_time"/>
                    <attribute name="missing_value" type="double" value="0.0"/>
                    <attribute name="standard_name" value="vertical_sea_water_velocity"/>
                </variable>
            </netcdf>
            <collection spec="/path/cbofs/.*nos.cbofs.fields.*\.nc" olderThan="5 min"/>
            <update startup="true" rescan="0 10 0/6 * * ? *" trigger="allow"/>
            <protoDataset choice="Penultimate" change="0 2 3 * * ? *"/>
            <fmrcConfig regularize="true" datasetTypes="Best"/>
        </featureCollection>
    </dataset>
</catalog>
