<catalog xmlns:xsi="http://www.w3.org/2001/XMLSchema-instance"
    xsi:schemaLocation="http://www.unidata.ucar.edu/namespaces/thredds/InvCatalog/v1.0 http://www.unidata.ucar.edu/schemas/thredds/InvCatalog.1.0.3.xsd"
    xmlns="http://www.unidata.ucar.edu/namespaces/thredds/InvCatalog/v1.0"
    xmlns:xlink="http://www.w3.org/1999/xlink" name="OPeNDAP Data Server" version="1.0.3">
    <service name="allServices" serviceType="Compound" base="">
        <service name="ncdods" serviceType="OPENDAP" base="/thredds/dodsC/"/>
        <service name="wms" serviceType="WMS" base="/thredds/wms/"/>
    </service>

    <dataset name="NYOFS Forecast Aggregation" ID="NYOFS">
        <metadata inherited="true">
            <documentation xlink:href="http://tidesandcurrents.noaa.gov/ofs/nyofs/nyofs.html"
                xlink:title="New York and New Jersey Operational Forecast System Home Page"/>
            <authority>gov.noaa.nos.co-ops</authority>
            <serviceName>allServices</serviceName>
            <dataType>Grid</dataType>
            <dataFormat>NetCDF</dataFormat>
        </metadata>
        <featureCollection name="Aggregated 7 day NYOFS Fields Forecast" featureType="FMRC"
            harvest="true" path="NYOFS/fmrc">
            <!-- 
     Inside the featureCollection, but outside the protoDataset, we define the NcML that happens
     before the aggregation.  To get aggregated, we must have grids, so we turn the bed params
     into grids by giving them a psuedo coordinate in Z.  If we don't do this, they will not be 
     aggregated. 
    -->

            <netcdf xmlns="http://www.unidata.ucar.edu/namespaces/netcdf/ncml-2.2">
                <!--Change conventions from COARDS to CF-1.6 -->
                <attribute name="Conventions" value="CF-1.6"/>
                <!-- Curvilinear grids need "coordinates" attribute for each data variable-->
                <!--The "positive" attribute is only for the z coordinate variable, so remove it from depth and elevation-->
                <variable name="zeta">
                    <attribute name="coordinates" value="lon lat time"/>
                    <remove type="attribute" name="positive"/>
                </variable>
                <variable name="depth">
                    <attribute name="coordinates" value="lon lat"/>
                    <remove type="attribute" name="positive"/>
                </variable>
                <variable name="time">
                    <attribute name="units" value="days since 2008-01-01 00:00:00 00:00"/>
                </variable>
                <!-- Dimensionless vertical coordinates need "positive"=up, and negative sigma values -->
                <variable name="sigma">
                    <attribute name="positive" value="up"/>
                    <values>-0.0 -0.1666667 -0.3333333 -0.5 -0.6666667 -0.8333333 -1.0</values>
                </variable>
                <variable name="mask">
                    <attribute name="coordinates" value="lon lat"/>
                </variable>
                <variable name="air_u">
                    <attribute name="coordinates" value="lon lat time"/>
                </variable>
                <variable name="air_v">
                    <attribute name="coordinates" value="lon lat time"/>
                </variable>
                <variable name="u">
                    <attribute name="coordinates" value="lon lat sigma time"/>
                </variable>
                <variable name="v">
                    <attribute name="coordinates" value="lon lat sigma time"/>
                </variable>
            </netcdf>
            <collection spec="/path/nyofs/.*nos.nyofs.fields.forecast.*\.nc" olderThan="5 min"/>
            <update startup="true" rescan="0 40 0/6 * * ? *" trigger="allow"/>
            <protoDataset choice="Penultimate" change="0 2 3 * * ? *"/>
            <fmrcConfig regularize="true" datasetTypes="Best"/>
        </featureCollection>
    </dataset>
</catalog>
